Workbook

Sheet All
A1: No. | B1: Nomeklatur/ Nama Daerah Irigasi | C1: Luas Daerah Irigasi Sesuai Permen 14/2015 (Ha) | D1: Lokasi Kabupaten/Kota | E1: Kode D.I
A2: 1 | B2: D.I. Dam Ombul | C2: 1085 | D2: Kabupaten Bangkalan | E2: 35000184
A3: 2 | B3: D.I. Tunjung | C3: 1807 | D3: Kabupaten Bangkalan | E3: 35000185
A4: 3 | B4: D.I. Blambangan | C4: 1523 | D4: Kabupaten Banyuwangi | E4: 35000155
A5: 4 | B5: D.I. Gembleng | C5: 1736 | D5: Kabupaten Banyuwangi | E5: 35000153
A6: 5 | B6: D.I. Tenggoro | C6: 1074 | D6: Kabupaten Banyuwangi | E6: 35000154
A7: 6 | B7: D.I. Dermen | C7: 1763 | D7: Kabupaten Blitar | E7: 35000194
A8: 7 | B8: D.I. Cawak | C8: 1733 | D8: Kabupaten Bojonegoro | E8: 35000134
A9: 8 | B9: D.I. Pirang | C9: 1347 | D9: Kabupaten Bojonegoro | E9: 35000133
A10: 9 | B10: D.I. Wd. Leran | C10: 1144 | D10: Kabupaten Bojonegoro | E10: 35000132
A11: 10 | B11: D.I. Balud | C11: 1074 | D11: Kabupaten Bondowoso | E11: 35000149
A12: 11 | B12: D.I. Wonosroyo | C12: 1499 | D12: Kabupaten Bondowoso | E12: 35000150
A13: 12 | B13: D.I. Kali Wadak | C13: 1476 | D13: Kabupaten Gresik | E13: 35000147
... A179: 178 | B179: D.I. P. Kaligerman | C179: 1120 | D179: Kab. Lamongan | E179: 35000140

Sheet Sheet1

Sheet per kab
A1: Daftar User Name Aplikasi EPAKSI Daerah Irigasi Kewenangan Pemerintah Provinsi Jawa Timur
A2: No. | B2: Nomeklatur/ Nama Daerah Irigasi | C2: Luas Daerah Irigasi Sesuai Permen 14/2015 (Ha) | D2: Lokasi Kabupaten/Kota | E2: Kode D.I
A3: I | B3: UPT PSDA WS Brantas (Korwil Malang) | F3: 1 | G3: Kab/Kota Malang | K3: =+SUM(C4:C8,C10:C11,C13:C23) -> 4041 | L3: 18
A4: 1 | B4: D.I. Bakalan | C4: 148 | D4: Kab./Kota Malang | E4: 35000001 | F4: 2 | G4: Kab. Malang, Kota Batu | K4: =+C9+C12 -> 739 | L4: 2
A5: 2 | B5: D.I. Bodo | C5: 156 | D5: Kab./Kota Malang | E5: 35000002 | F5: 3 | G5: Kab. Blitar, Kab. Tulungagung | K5: =+C24 -> 165 | L5: 1
A6: 3 | B6: D.I. Kadalpang | C6: 1212 | D6: Kab./Kota Malang | E6: 35000003 | F6: 4 | G6: Kab. Trenggalek, Kab. Tulungagung | K6: =+C25+C40+C41 -> 5423 | L6: 3
A7: 4 | B7: D.I. Kajar II A | C7: 20 | D7: Kab./Kota Malang | E7: 35000004 | F7: 5 | G7: Kab./Kota Blitar | K7: =+SUM(C26:C35) -> 522 | L7: 10
A8: 5 | B8: D.I. Kali Metro | C8: 527 | D8: Kab./Kota Malang | E8: 35000005 | F8: 6 | G8: Kab. Blitar, Kab. Kediri | K8: =+C36 -> 461 | L8: 1
A9: 6 | B9: D.I. Kalilanang | C9: 457 | D9: Kab. Malang, Kota Batu | E9: 35000006 | F9: 7 | G9: Kabupaten Blitar | K9: =+C37 -> 1763 | L9: 1
A10: 7 | B10: D.I. Kebalon | C10: 107 | D10: Kab./Kota Malang | E10: 35000007 | F10: 8 | G10: Kabupaten Tulungagung | K10: =+C38 -> 1378 | L10: 1
A11: 8 | B11: D.I. Losawi | C11: 39 | D11: Kab./Kota Malang | E11: 35000008 | F11: 9 | G11: Kab./Kota Kediri | K11: =+SUM(C42:C50) -> 1653 | L11: 9
A12: 9 | B12: D.I. Ngukir | C12: 282 | D12: Kab. Malang, Kota Batu | E12: 35000009 | F12: 10 | G12: Kabupaten Kediri | K12: =+SUM(C51:C52) -> 2723 | L12: 2
A13: 10 | B13: D.I. Pakis | C13: 726 | D13: Kab./Kota Malang | E13: 35000010 | F13: 11 | G13: Kabupaten Nganjuk | K13: =+SUM(C53:C55) -> 3866 | L13: 3
A14: 11 | B14: D.I. Peniwen | C14: 63 | D14: Kab./Kota Malang | E14: 35000011 | F14: 12 | G14: Kabupaten Jombang | K14: =+SUM(C56:C57) -> 2994 | L14: 2
A15: 12 | B15: D.I. Podokaton | C15: 70 | D15: Kab./Kota Malang | E15: 35000012 | F15: 13 | G15: Kab. Jombang, Kab. Kediri | K15: =+C58 -> 445 | L15: 1
A16: 13 | B16: D.I. Sedudut | C16: 53 | D16: Kab./Kota Malang | E16: 35000013 | F16: 14 | G16: Kab. Jombang, Kab. Mojokerto | K16: =+SUM(C60:C63) -> 1080 | L16: 4
A17: 14 | B17: D.I. Sengkaling Kanan | C17: 193 | D17: Kab./Kota Malang | E17: 35000014 | F17: 15 | G17: Kab./Kota Mojokerto | K17: =+SUM(C64:C68) -> 4328 | L17: 5
A18: 15 | B18: D.I. Sengkaling Kiri | C18: 455 | D18: Kab./Kota Malang | E18: 35000015 | F18: 16 | G18: Kabupaten Mojokerto | K18: =+C69 -> 1055 | L18: 1
A19: 16 | B19: D.I. Sumber Tekik | C19: 16 | D19: Kab./Kota Malang | E19: 35000016 | F19: 17 | G19: Kab. Lamongan, Kab. Tuban | K19: =+C71 -> 2143 | L19: 1
A20: 17 | B20: D.I. Sumber Turus | C20: 32 | D20: Kab./Kota Malang | E20: 35000017 | F20: 18 | G20: Kab. Gresik, Kab. Lamongan | K20: =+SUM(C72:C73) -> 3867 | L20: 2
A21: 18 | B21: D.I. Trimo Semut | C21: 46 | D21: Kab./Kota Malang | E21: 35000018 | F21: 19 | G21: Kabupaten Bojonegoro | K21: =+SUM(C74:C76) -> 4224 | L21: 3
A22: 19 | B22: D.I. Urung-Urung | C22: 59 | D22: Kab./Kota Malang | E22: 35000019 | F22: 20 | G22: Kabupaten Tuban | K22: =+SUM(C77:C80) -> 6518 | L22: 4
A23: 20 | B23: D.I. Turi | C23: 119 | D23: Kab./Kota Malang | E23: 35003010 | F23: 21 | G23: Kabupaten Lamongan | K23: =+SUM(C81:C86) -> 8063 | L23: 6
A24: 21 | B24: D.I. Kaliboto | C24: 165 | D24: Kab. Blitar, Kab. Tulungagung | E24: 35000021 | F24: 22 | G24: Kabupaten Gresik | K24: =+SUM(C87:C89) -> 3960 | L24: 3
A25: 22 | B25: D.I. Paingan | C25: 551 | D25: Kab. Trenggalek, Kab. Tulungagung | E25: 35000022 | F25: 23 | G25: Kab./Kota Madiun | K25: =+SUM(C91:C97) -> 4198 | L25: 7
A26: 23 | B26: D.I. Sukorame | C26: 69 | D26: Kab./Kota Blitar | E26: 35000024 | F26: 24 | G26: Kab. Madiun, Kab. Ngawi | K26: =+C98 -> 1554 | L26: 1
A27: 24 | B27: D.I. Jempor | C27: 54 | D27: Kab./Kota Blitar | E27: 35000025 | F27: 25 | G27: Kab. Madiun, Kab. Magetan | K27: =+C99 -> 745 | L27: 1
A28: 25 | B28: D.I. Tambakrejo I | C28: 23 | D28: Kab./Kota Blitar | E28: 35000026 | F28: 26 | G28: Kab. Magetan, Kab. Ponorogo | K28: =+C100+C110 -> 284 | L28: 2
A29: 26 | B29: D.I. Rembang | C29: 42 | D29: Kab./Kota Blitar | E29: 35000027 | F29: 27 | G29: Kab. Magetan, Kab. Ngawi | K29: =+SUM(C101:C109) -> 4747 | L29: 9
A30: 27 | B30: D.I. Plosotengah | C30: 51 | D30: Kab./Kota Blitar | E30: 35000028 | F30: 28 | G30: Kabupaten Madiun | K30: =+SUM(C111:C115) -> 7141 | L30: 5
A31: 28 | B31: D.I. Sawahan | C31: 82 | D31: Kab./Kota Blitar | E31: 35000029 | F31: 29 | G31: Kabupaten Ponorogo | K31: =+SUM(C116:C121) -> 8383 | L31: 6
A32: 29 | B32: D.I. Ngrebo | C32: 62 | D32: Kab./Kota Blitar | E32: 35000030 | F32: 30 | G32: Kabupaten Ngawi | K32: =+SUM(C122:C129) -> 11740 | L32: 8
A33: 30 | B33: D.I. Jatinom | C33: 56 | D33: Kab./Kota Blitar | E33: 35000032 | F33: 31 | G33: Kab./Kota Probolinggo | K33: =+SUM(C131:C137) -> 2206 | L33: 7
A34: 31 | B34: D.I. Sumber Tulung | C34: 38 | D34: Kab./Kota Blitar | E34: 35000033 | F34: 32 | G34: Kab./Kota Pasuruan | K34: =+SUM(C138:C141) -> 4035 | L34: 4
A35: 32 | B35: D.I. Sumber Berjo | C35: 45 | D35: Kab./Kota Blitar | E35: 35000038 | F35: 33 | G35: Kab. Malang, Kab. Pasuruan | K35: =+C142 -> 876 | L35: 1
A36: 33 | B36: D.I. Jaten Termas | C36: 461 | D36: Kab. Blitar, Kab. Kediri | E36: 35000039 | F36: 34 | G36: Kabupaten Probolinggo | K36: =+SUM(C143:C147) -> 7815 | L36: 5
A37: 34 | B37: D.I. Dermen | C37: 1763 | D37: Kabupaten Blitar | E37: 35000194 | F37: 35 | G37: Kabupaten Pasuruan | K37: =+SUM(C148:C155) -> 10277 | L37: 8
A38: 35 | B38: D.I. Gelang | C38: 1378 | D38: Kabupaten Tulungagung | E38: 35000095 | F38: 36 | G38: Kabupaten Jember | K38: =+SUM(C157:C164) -> 13769 | L38: 5
A39: II | B39: UPT PSDA WS Brantas | F39: 37 | G39: Kabupaten Lumajang | K39: =+SUM(C165:C169) -> 7231 | L39: 8
A40: 1 | B40: D.I. Sbr. Gayam | C40: 1926 | D40: Kab. Trenggalek, Kab. Tulungagung | E40: 35000020 | F40: 38 | G40: Kab. Bondowoso, Kab. Jember | K40: =+SUM(C171:C172) -> 1470 | L40: 2
A41: 2 | B41: D.I. Widoro | C41: 2946 | D41: Kab. Trenggalek, Kab. Tulungagung | E41: 35000023 | F41: 39 | G41: Kab. Bondowoso, Kab. Situbondo | K41: =+SUM(C173:C175,C177) -> 802 | L41: 4
A42: 3 | B42: D.I. Gunting | C42: 369 | D42: Kab./Kota Kediri | E42: 35000040 | F42: 40 | G42: Kab. Banyuwangi, Kab. Situbondo | K42: =+C176 -> 777 | L42: 1
A43: 4 | B43: D.I. Kembangan | C43: 281 | D43: Kab./Kota Kediri | E43: 35000041 | F43: 41 | G43: Kabupaten Bondowoso | K43: =+SUM(C178:C179) -> 2573 | L43: 2
A44: 5 | B44: D.I. Klitik Bendokrosok | C44: 332 | D44: Kab./Kota Kediri | E44: 35000042 | F44: 42 | G44: Kabupaten Situbondo | K44: =+C180 -> 2184 | L44: 2
A45: 6 | B45: D.I. Klitih Kresek | C45: 108 | D45: Kab./Kota Kediri | E45: 35000043 | F45: 43 | G45: Kabupaten Banyuwangi | K45: =+SUM(C181:C183) -> 4333 | L45: 3
A46: 7 | B46: D.I. Ngaglik | C46: 98 | D46: Kab./Kota Kediri | E46: 35000044 | F46: 44 | G46: Kabupaten Bangkalan | K46: =+SUM(C185:C186) -> 2892 | L46: 2
A47: 8 | B47: D.I. Ngablak | C47: 245 | D47: Kab./Kota Kediri | E47: 35000200 | F47: 45 | G47: Kabupaten Sampang | K47: =+C187 -> 1799 | L47: 1
A48: 9 | B48: D.I. Bujel | C48: 113 | D48: Kab./Kota Kediri | E48: 35000206 | F48: 46 | G48: Kabupaten Pamekasan | K48: =+C188 -> 2462 | L48: 1
A49: 10 | B49: D.I. Pesantren | C49: 69 | D49: Kab./Kota Kediri | E49: 35000202 | F49: 47 | G49: Kabupaten Sumenep | K49: =+C189 -> 1424 | L49: 1
A50: 11 | B50: D.I. Betis/Ngreco | C50: 38 | D50: Kab./Kota Kediri | E50: 35000203 | K50: =SUM(K3:K49) -> 167128 | L50: =SUM(L3:L49) -> 179
A51: 12 | B51: D.I. Ketandan | C51: 1637 | D51: Kabupaten Kediri | E51: 35000096
A52: 13 | B52: D.I. Pohblembem | C52: 1086 | D52: Kabupaten Kediri | E52: 35000097
A53: 14 | B53: D.I. Bulakmojo | C53: 1211 | D53: Kabupaten Nganjuk | E53: 35000107
A54: 15 | B54: D.I. Kedung Gerit | C54: 1470 | D54: Kabupaten Nganjuk | E54: 35000108
A55: 16 | B55: D.I. Ngrambe | C55: 1185 | D55: Kabupaten Nganjuk | E55: 35000109
A56: 17 | B56: D.I. Jatimlerek | C56: 1812 | D56: Kabupaten Jombang | E56: 35000111
A57: 18 | B57: D.I. Slumbung | C57: 1182 | D57: Kabupaten Jombang | E57: 35000110
A58: 19 | B58: D.I. Badas | C58: 445 | D58: Kab. Jombang, Kab. Kediri | E58: 35000193
A59: III | B59: UPT PSDA WS Brantas (Korwil Surabaya)
A60: 1 | B60: D.I. Tawangsari | C60: 62 | D60: Kab. Jombang, Kab. Mojokerto | E60: 35000045
A61: 2 | B61: D.I. Kejagan | C61: 288 | D61: Kab. Jombang, Kab. Mojokerto | E61: 35000046
A62: 3 | B62: D.I. Kaweden | C62: 69 | D62: Kab. Jombang, Kab. Mojokerto | E62: 35000047
A63: 4 | B63: D.I. Mernung | C63: 661 | D63: Kab. Mojokerto, Kab. Jombang | E63: 35000048
A64: 5 | B64: D.I. Subantoro | C64: 515 | D64: Kab./Kota Mojokerto | E64: 35000049
A65: 6 | B65: D.I. Sinoman | C65: 293 | D65: Kab./Kota Mojokerto | E65: 35000050
A66: 7 | B66: D.I. Penewon | C66: 971 | D66: Kab./Kota Mojokerto | E66: 35000051
A67: 8 | B67: D.I. Jati Kulon | C67: 638 | D67: Kab./Kota Mojokerto | E67: 35000052
A68: 9 | B68: D.I. Candi Limo | C68: 1911 | D68: Kab./Kota Mojokerto | E68: 35000053
A69: 10 | B69: D.I. Kromong II | C69: 1055 | D69: Kabupaten Mojokerto | E69: 35000112
A70: IV | B70: UPT PSDA WS Bengawan Solo
A71: 1 | B71: D.I. Rawa Jabung | C71: 2143 | D71: Kab. Lamongan, Kab. Tuban | E71: 35000073
A72: 2 | B72: D.I. Kali Corong | C72: 2721 | D72: Kab. Gresik, Kab. Lamongan | E72: 35000074
A73: 3 | B73: D.I. Waduk Sumengko | C73: 1146 | D73: Kab. Gresik, Kab. Lamongan | E73: 35000075
A74: 4 | B74: D.I. Wd. Leran | C74: 1144 | D74: Kabupaten Bojonegoro | E74: 35000132
A75: 5 | B75: D.I. Pirang | C75: 1347 | D75: Kabupaten Bojonegoro | E75: 35000133
A76: 6 | B76: D.I. Cawak | C76: 1733 | D76: Kabupaten Bojonegoro | E76: 35000134
A77: 7 | B77: D.I. Maibit | C77: 1229 | D77: Kabupaten Tuban | E77: 35000135
A78: 8 | B78: D.I. Nglirip | C78: 1292 | D78: Kabupaten Tuban | E78: 35000136
A79: 9 | B79: D.I. Merak Urak | C79: 1475 | D79: Kabupaten Tuban | E79: 35000137
A80: 10 | B80: D.I. Kening | C80: 2522 | D80: Kabupaten Tuban | E80: 35000195
A81: 11 | B81: D.I. Wd. Rande | C81: 1044 | D81: Kabupaten Lamongan | E81: 35000139
A82: 12 | B82: D.I. P. Kaligerman | C82: 1120 | D82: Kabupaten Lamongan | E82: 35000140
... A89: 19 | B89: D.I. Wd. Lowayu | C89: 1430 | D89: Kabupaten Gresik | E89: 35000148
A90: V | B90: UPT PSDA WS Bengawan Solo (Korwil Madiun)
A91: 1 | B91: D.I. Cau | C91: 1232 | D91: Kab./Kota Madiun | E91: 35000055
A92: 2 | B92: D.I. Brangkal Bawah | C92: 1155 | D92: Kab./Kota Madiun | E92: 35000056
A93: 3 | B93: D.I. Blodro | C93: 422 | D93: Kab./Kota Madiun | E93: 35000057
A94: 4 | B94: D.I. Piring I | C94: 194 | D94: Kab./Kota Madiun | E94: 35000058
A95: 5 | B95: D.I. Sono | C95: 684 | D95: Kab./Kota Madiun | E95: 35000059
A96: 6 | B96: D.I. Trate | C96: 461 | D96: Kab./Kota Madiun | E96: 35000060
A97: 7 | B97: D.I. Mojopurno | C97: 50 | D97: Kab./Kota Madiun | E97: 35000197
A98: 8 | B98: D.I. Kedungrejo | C98: 1554 | D98: Kab. Madiun, Kab. Ngawi | E98: 35000061
A99: 9 | B99: D.I. Gandongkerik | C99: 745 | D99: Kab. Madiun, Kab. Magetan | E99: 35000062
A100: 10 | B100: D.I. Margopadang | C100: 230 | D100: Kab. Magetan, Kab. Ponorogo | E100: 35000063
A101: 11 | B101: D.I. Turi | C101: 367 | D101: Kab. Magetan, Kab. Ngawi | E101: 35000064
A102: 12 | B102: D.I. Dung Timun | C102: 215 | D102: Kab. Magetan, Kab. Ngawi | E102: 35000065
... A129: 39 | B129: D.I. Widodaren | C129: 1372 | D129: Kabupaten Ngawi | E129: 35000131
A130: VI | B130: UPT PSDA WS Welang Pekalen
A131: 1 | B131: D.I. I.S Pakis | C131: 190 | D131: Kab./Kota Probolinggo | E131: 35000082
A132: 2 | B132: D.I. Lontong | C132: 151 | D132: Kab./Kota Probolinggo | E132: 35000083
...

Sheet Luas DI
A2: 1 | B2: 13 | E2: Luas DI | F2: Persentase | M2: 1 | N2: 13
A3: 2 | B3: 16 | E3: =+N85 -> 22543 | F3: =+E3/$E$5 -> 0.13488464 | G3: <1000 ha | M3: 2 | N3: 16
A4: 3 | B4: 20 | E4: =+N183 -> 144585 | F4: =+E4/$E$5 -> 0.86511536 | G4: 1000-3000 ha | M4: 3 | N4: 20
A5: 4 | B5: 23 | E5: =SUM(E3:E4) -> 167128 | F5: =SUM(F3:F4) -> 1 | M5: 4 | N5: 20
A6: 5 | B6: 32 | M6: 5 | N6: 23
A7: 6 | B7: 38 | M7: 6 | N7: 32
A8: 7 | B8: 38 | M8: 7 | N8: 38
A9: 8 | B9: 39 | M9: 8 | N9: 38
A10: 9 | B10: 42 | M10: 9 | N10: 39
A11: 10 | B11: 45 | M11: 10 | N11: 42
A12: 11 | B12: 46 | M12: 11 | N12: 45
A13: 12 | B13: 50 | M13: 12 | N13: 46
A14: 13 | B14: 51 | M14: 13 | N14: 50
A15: 14 | B15: 53 | M15: 14 | N15: 51
A16: 15 | B16: 54 | M16: 15 | N16: 53
A17: 16 | B17: 54 | M17: 16 | N17: 54
... A74: 73 | B74: 971 | M74: 73 | N74: 638
B75: =SUM(B2:B74) -> 18803 | M75: 74 | N75: 661
M76: 75 | N76: 684
A77: 1 | B77: 1000 | M77: 76 | N77: 695
A78: 2 | B78: 1008 | M78: 77 | N78: 696
A79: 3 | B79: 1044 | M79: 78 | N79: 726
A80: 4 | B80: 1045 | M80: 79 | N80: 745
A81: 5 | B81: 1046 | M81: 80 | N81: 777
A82: 6 | B82: 1055 | M82: 81 | N82: 789
A83: 7 | B83: 1057 | M83: 82 | N83: 876
A84: 8 | B84: 1058 | M84: 83 | N84: 971
A85: 9 | B85: 1074 | N85: =SUM(N2:N84) -> 22543
A86: 10 | B86: 1074
A87: 11 | B87: 1085
A88: 12 | B88: 1086 | M88: 1 | N88: 1000
A89: 13 | B89: 1088 | M89: 2 | N89: 1008
A90: 14 | B90: 1090 | M90: 3 | N90: 1044
A91: 15 | B91: 1094 | M91: 4 | N91: 1045
A92: 16 | B92: 1096 | M92: 5 | N92: 1046
A93: 17 | B93: 1120 | M93: 6 | N93: 1054
A94: 18 | B94: 1126 | M94: 7 | N94: 1055
A95: 19 | B95: 1144 | M95: 8 | N95: 1057
A96: 20 | B96: 1146 | M96: 9 | N96: 1058
A97: 21 | B97: 1151 | M97: 10 | N97: 1074
A98: 22 | B98: 1155 | M98: 11 | N98: 1074
A99: 23 | B99: 1182 | M99: 12 | N99: 1085
... A161: 85 | B161: 2946 | M161: 74 | N161: 1812
B162: =SUM(B77:B161) -> 131185 | M162: 75 | N162: 1843
M163: 76 | N163: 1867
M164: 77 | N164: 1879
M165: 78 | N165: 1884
M166: 79 | N166: 1909
M167: 80 | N167: 1911
M168: 81 | N168: 1920
M169: 82 | N169: 1921
M170: 83 | N170: 1926
M171: 84 | N171: 2056
M172: 85 | N172: 2143
M173: 86 | N173: 2184
M174: 87 | N174: 2188
... M182: 95 | N182: 2946
N183: =SUM(N88:N182) -> 144585

Sheet fisik
AJ1: REKAPITULASI KONDISI PRASARANA FISIK DAERAH IRIGASI KEWENANGAN PEMERINTAH PROVINSI JAWA TIMUR
H2: indeks | I2: luas | L2: kondisi | M2: jumlah D.I | N2: luas D.I | O2: jumlah D.I | P2: luas D.I | R2: kondisi | S2: jumlah D.I | U2: kondisi | V2: luas D.I | AC2: Luas | AD2: IKJI | AJ2: No. | AK2: Daerah Irigasi | AL2: Luas (Ha) | AM2: Lokasi | AN2: Indeks Kondisi Prasarana Fisik | AO2: Persenatase Kondisi Prasarana Fisik (%) | AP2: Kondisi
A3: 1 | B3: 39.23 | C3: =+B3/45 -> 0.87177778 | D3: baik | F3: jelek | G3: =+H3/45 -> 0.25111111 | H3: 11.3 | I3: 1475 | L3: Jelek | M3: =+COUNT(AN3:AN79) -> 77 | N3: =+SUM(AH3:AH78) -> 57266 | O3: =+M3/$M$6 -> 0.43258427 | P3: =+N3/$N$6 -> 0.34264755 | R3: =+L3 -> Jelek | S3: =+O3 -> 0.43258427 | U3: =+R3 -> Jelek | V3: =+P3 -> 0.34264755 | AB3: 1 | AC3: 1000 | AD3: 30 | AE3: D.I. CEPOGO | AG3: 1 | AH3: 45 | AI3: 5.3 | AJ3: 1 | AK3: D.I. SUMBER BERJO | AL3: 45 | AM3: Kab./Kota Blitar | AN3: 5.3 | AO3: =+AN3/45*100 -> 11.777778 | AP3: Rusak Berat
A4: 2 | B4: 38.83 | C4: =+B4/45 -> 0.86288889 | D4: baik | F4: jelek | G4: =+H4/45 -> 0.26733333 | H4: 12.03 | I4: 50 | L4: Sedang | M4: =+COUNT(AN80:AN177) -> 98 | N4: =+SUM(AH79:AH177) -> 103660 | O4: =+M4/$M$6 -> 0.5505618 | P4: =+N4/$N$6 -> 0.62024317 | R4: =+L4 -> Sedang | S4: =+O4 -> 0.5505618 | U4: =+R4 -> Sedang | V4: =+P4 -> 0.62024317 | AB4: 2 | AC4: 1403 | AD4: 21.53 | AE4: D.I. DALEM | AG4: 2 | AH4: 50 | AI4: 12.03 | AJ4: 2 | AK4: D.I. MOJOPURNO | AL4: 50 | AM4: Kab./Kota Madiun | AN4: 12.03 | AO4: =+AN4/45*100 -> 26.733333 | AP4: Rusak Berat
A5: 3 | B5: 38.12 | C5: =+B5/45 -> 0.84711111 | D5: baik | F5: jelek | G5: =+H5/45 -> 0.27644444 | H5: 12.44 | I5: 1120 | L5: Baik | M5: =+COUNT(AN178:AN180) -> 3 | N5: =+SUM(AH178:AH180) -> 6202 | O5: =+M5/$M$6 -> 0.016853933 | P5: =+N5/$N$6 -> 0.037109282 | R5: =+L5 -> Baik | S5: =+O5 -> 0.016853933 | U5: =+R5 -> Baik | V5: =+P5 -> 0.037109282 | AB5: 3 | AC5: 1370 | AD5: 30.94 | AE5: D.I. SAMPUNG | AG5: 3 | AH5: 151 | AI5: 12.05 | AJ5: 3 | AK5: D.I. LONTONG | AL5: 151 | AM5: Kab./Kota Probolinggo | AN5: 12.05 | AO5: =+AN5/45*100 -> 26.777778 | AP5: Rusak Berat
A6: 4 | B6: 37.79 | C6: =+B6/45 -> 0.83977778 | D6: baik | F6: jelek | G6: =+H6/45 -> 0.29733333 | H6: 13.38 | I6: 113 | M6: =SUM(M3:M5) -> 178 | N6: =SUM(N3:N5) -> 167128 | O6: =SUM(O3:O5) -> 1 | P6: =SUM(P3:P5) -> 1 | AB6: 4 | AC6: 1787 | AD6: 27.97 | AE6: D.I. SUMOROBANGUN | AG6: 4 | AH6: 1476 | AI6: 12.06 | AJ6: 4 | AK6: D.I. KALI WADAK | AL6: 1476 | AM6: Kab. Gresik | AN6: 12.06 | AO6: =+AN6/45*100 -> 26.8 | AP6: Rusak Berat
A7: 5 | B7: 37.57 | C7: =+B7/45 -> 0.83488889 | D7: baik | F7: jelek | G7: =+H7/45 -> 0.29888889 | H7: 13.45 | I7: 281 | AB7: 5 | AC7: 1096 | AD7: 25.69 | AE7: D.I. WATU PUTIH | AG7: 5 | AH7: 1120 | AI7: 12.44 | AJ7: 5 | AK7: D.I. KALIGERMAN | AL7: 1120 | AM7: Kab. Lamongan | AN7: 12.44 | AO7: =+AN7/45*100 -> 27.644444 | AP7: Rusak Berat
A8: 6 | B8: 36.95 | C8: =+B8/45 -> 0.82111111 | D8: baik | F8: jelek | G8: =+H8/45 -> 0.30666667 | H8: 13.8 | I8: 51 | AB8: 6 | AC8: 1727 | AD8: 29.38 | AE8: D.I. WILANGAN | AG8: 6 | AH8: 1054 | AI8: 13.04 | AJ8: 6 | AK8: D.I. WD. GOGOR | AL8: 1054 | AM8: Kab. Gresik | AN8: 13.04 | AO8: =+AN8/45*100 -> 28.977778 | AP8: Rusak Berat
A9: 7 | B9: 36.72 | C9: =+B9/45 -> 0.816 | D9: baik | F9: jelek | G9: =+H9/45 -> 0.30888889 | H9: 13.9 | I9: 13 | AB9: 7 | AC9: 1378 | AD9: 23.96 | AE9: D.I. GELANG | AG9: 7 | AH9: 113 | AI9: 13.38 | AJ9: 7 | AK9: D.I. BUJEL | AL9: 113 | AM9: Kab./Kota Kediri | AN9: 13.38 | AO9: =+AN9/45*100 -> 29.733333 | AP9: Rusak Berat
A10: 8 | B10: 36.45 | C10: =+B10/45 -> 0.81 | D10: baik | F10: jelek | G10: =+H10/45 -> 0.32311111 | H10: 14.54 | I10: 1779 | AB10: 8 | AC10: 1763 | AD10: 33.18 | AE10: D.I. DERMEN | AG10: 8 | AH10: 51 | AI10: 13.8 | AJ10: 8 | AK10: D.I. PLOSOTENGAH | AL10: 51 | AM10: Kab./Kota Blitar | AN10: 13.8 | AO10: =+AN10/45*100 -> 30.666667 | AP10: Rusak Berat
A11: 9 | B11: 35.97 | C11: =+B11/45 -> 0.79933333 | D11: sedang | F11: jelek | G11: =+H11/45 -> 0.33444444 | H11: 15.05 | I11: 209 | AB11: 9 | AC11: 1637 | AD11: 32 | AE11: D.I. KETANDAN | AG11: 9 | AH11: 13 | AI11: 13.9 | AJ11: 9 | AK11: D.I. JABUNG | AL11: 13 | AM11: Kab. Ngawi/Kab. Magetan | AN11: 13.9 | AO11: =+AN11/45*100 -> 30.888889 | AP11: Rusak Berat
A12: 10 | B12: 32 | C12: =+B12/45 -> 0.71111111 | D12: sedang | F12: jelek | G12: =+H12/45 -> 0.35755556 | H12: 16.09 | I12: 1799 | AB12: 10 | AC12: 1086 | AD12: 30 | AE12: D.I. POHBLEMBEM | AG12: 10 | AH12: 1779 | AI12: 14.54 | AJ12: 10 | AK12: D.I. RAWA SEKARAN | AL12: 1779 | AM12: Kab. Lamongan | AN12: 14.54 | AO12: =+AN12/45*100 -> 32.311111 | AP12: Rusak Berat
A13: 11 | B13: 31.96 | C13: =+B13/45 -> 0.71022222 | D13: sedang | F13: jelek | G13: =+H13/45 -> 0.37822222 | H13: 17.02 | I13: 194 | AB13: 11 | AC13: 1094 | AD13: 32.12 | AE13: D.I. BRUG PURWO | AG13: 11 | AH13: 209 | AI13: 15.05 | AJ13: 11 | AK13: D.I. KULUHAN | AL13: 209 | AM13: Kab. Ngawi/Kab. Magetan | AN13: 15.05 | AO13: =+AN13/45*100 -> 33.444444 | AP13: Rusak Berat
A14: 12 | B14: 31.88 | C14: =+B14/45 -> 0.70844444 | D14: sedang | F14: jelek | G14: =+H14/45 -> 0.38333333 | H14: 17.25 | I14: 38 | AB14: 12 | AC14: 1867 | AD14: 33.12 | AE14: D.I. CURAH MENJANGAN/KEDUNGSANGKU | AG14: 12 | AH14: 62 | AI14: 15.95 | AJ14: 12 | AK14: D.I. WARUJINGGO | AL14: 62 | AM14: Kab./Kota Probolinggo | AN14: 15.95 | AO14: =+AN14/45*100 -> 35.444444 | AP14: Rusak Berat
A15: 13 | B15: 31.79 | C15: =+B15/45 -> 0.70644444 | D15: sedang | F15: jelek | G15: =+H15/45 -> 0.39422222 | H15: 17.74 | I15: 1055 | AB15: 13 | AC15: 1088 | AD15: 21.64 | AE15: D.I. JURANG DAWIR | AG15: 13 | AH15: 281 | AI15: 16.15 | AJ15: 13 | AK15: D.I. KEMBANGAN | AL15: 281 | AM15: Kab./Kota Kediri | AN15: 16.15 | AO15: =+AN15/45*100 -> 35.888889 | AP15: Rusak Berat
A16: 14 | B16: 30.94 | C16: =+B16/45 -> 0.68755556 | D16: sedang | F16: jelek | G16: =+H16/45 -> 0.39933333 | H16: 17.97 | I16: 551 | AB16: 14 | AC16: 1920 | AD16: 22.26 | AE16: D.I. TEKUNG I | AG16: 14 | AH16: 1475 | AI16: 16.59 | AJ16: 14 | AK16: D.I. MERAK URAK | AL16: 1475 | AM16: Kab. Tuban | AN16: 16.59 | AO16: =+AN16/45*100 -> 36.866667 | AP16: Rusak Berat
A17: 15 | B17: 30.8 | C17: =+B17/45 -> 0.68444444 | D17: sedang | F17: jelek | G17: =+H17/45 -> 0.41888889 | H17: 18.85 | I17: 1008 | AB17: 15 | AC17: 1262 | AD17: 23.34 | AE17: D.I. UMBUL PRINGTALI | AG17: 15 | AH17: 38 | AI17: 17.25 | AJ17: 15 | AK17: D.I. SUMBER TULUNG | AL17: 38 | AM17: Kab./Kota Blitar | AN17: 17.25 | AO17: =+AN17/45*100 -> 38.333333 | AP17: Rusak Berat
A18: 16 | B18: 30.77 | C18: =+B18/45 -> 0.68377778 | D18: sedang | F18: jelek | G18: =+H18/45 -> 0.42733333 | H18: 19.23 | I18: 1661 | AB18: 16 | AC18: 2188 | AD18: 30.37 | AE18: D.I. BAGO | AG18: 16 | AH18: 527 | AI18: 19.29 | AJ18: 16 | AK18: D.I. KALI METRO | AL18: 527 | AM18: Kab./Kota Malang | AN18: 19.29 | AO18: =+AN18/45*100 -> 42.866667 | AP18: Rusak Berat
... A160: 158 | B160: 11.3 | C160: =+B160/45 -> 0.25111111 | D160: jelek | F160: baik | G160: =+H160/45 -> 0.87177778 | H160: 39.23 | I160: 1523 | AB160: 158 | AC160: 309 | AD160: 26.08 | AE160: D.I. NURBIHA | AG160: 158 | AH160: 319 | AI160: 32.48 | AJ160: 158 | AK160: D.I. ARJASA | AL160: 319 | AM160: Kab. Bondowoso/Kab.Jember | AN160: 32.48 | AO160: =+AN160/45*100 -> 72.177778 | AP160: Rusak Sedang
I161: =SUM(I3:I160) -> 149988 | AB161: 159 | AC161: 350 | AD161: 19.32 | AE161: D.I. GUMBOLO/DAWUHAN | AG161: 159 | AH161: 684 | AI161: 32.55 | AJ161: 159 | AK161: D.I. SONO | AL161: 684 | AM161: Kab. Madiun/Kota Madiun | AN161: 32.55 | AO161: =+AN161/45*100 -> 72.333333 | AP161: Rusak Sedang
AB162: 160 | AC162: 63 | AD162: 24.78 | AE162: D.I. PRINGDURI | AG162: 160 | AH162: 1211 | AI162: 32.61 | AJ162: 160 | AK162: D.I. BULAKMOJO | AL162: 1211 | AM162: Kab. Nganjuk | AN162: 32.61 | AO162: =+AN162/45*100 -> 72.466667 | AP162: Rusak Sedang
AB163: 161 | AC163: 777 | AD163: 32.61 | AE163: D.I. BAJULMATI | AG163: 161 | AH163: 777 | AI163: 32.61 | AJ163: 161 | AK163: D.I. BAJULMATI | AL163: 777 | AM163: Kab. Banyuwangi/Kab.Situbondo | AN163: 32.61 | AO163: =+AN163/45*100 -> 72.466667 | AP163: Rusak Sedang
AB164: 162 | AC164: 80 | AD164: 32 | AE164: D.I. SBR. NYAMPLONG | AG164: 162 | AH164: 1554 | AI164: 32.68 | AJ164: 162 | AK164: D.I. KEDUNGREJO | AL164: 1554 | AM164: Kab. Madiun/Kab.Ngawi | AN164: 32.68 | AO164: =+AN164/45*100 -> 72.622222 | AP164: Rusak Sedang
AB165: 163 | AC165: 190 | AD165: 26.75 | AE165: D.I. I.S PAKIS | AG165: 163 | AH165: 2581 | AI165: 32.97 | AJ165: 163 | AK165: D.I. TANGGULANGIN | AL165: 2581 | AM165: Kab. Pasuruan/Kota Pasuruan | AN165: 32.97 | AO165: =+AN165/45*100 -> 73.266667 | AP165: Rusak Sedang
AB166: 164 | AC166: 151 | AD166: 12.05 | AE166: D.I. LONTONG | AG166: 164 | AH166: 1879 | AI166: 32.98 | AJ166: 164 | AK166: D.I. KOTTOK | AL166: 1879 | AM166: Kab. Jember | AN166: 32.98 | AO166: =+AN166/45*100 -> 73.288889 | AP166: Rusak Sedang
AB167: 165 | AC167: 62 | AD167: 15.95 | AE167: D.I. WARUJINGGO | AG167: 165 | AH167: 2340 | AI167: 33.08 | AJ167: 165 | AK167: D.I. KEREP | AL167: 2340 | AM167: Kab. Magetan/Kab.Ngawi | AN167: 33.08 | AO167: =+AN167/45*100 -> 73.511111 | AP167: Rusak Sedang
AB168: 166 | AC168: 696 | AD168: 29.64 | AE168: D.I. TAPOSAN | AG168: 166 | AH168: 1393 | AI168: 33.1 | AJ168: 166 | AK168: D.I. SUMBER NANGKA | AL168: 1393 | AM168: Kab. Jember | AN168: 33.1 | AO168: =+AN168/45*100 -> 73.555556 | AP168: Rusak Sedang
AB169: 167 | AC169: 598 | AD169: 27.75 | AE169: D.I. KRASAK | AG169: 167 | AH169: 1867 | AI169: 33.12 | AJ169: 167 | AK169: D.I. CURAH MENJANGAN/KEDUNGSANGKU | AL169: 1867 | AM169: Kab. Lumajang | AN169: 33.12 | AO169: =+AN169/45*100 -> 73.6 | AP169: Rusak Sedang
AB170: 168 | AC170: 445 | AD170: 30.65 | AE170: D.I. MBOK SITI | AG170: 168 | AH170: 1763 | AI170: 33.18 | AJ170: 168 | AK170: D.I. DERMEN | AL170: 1763 | AM170: Kab. Blitar | AN170: 33.18 | AO170: =+AN170/45*100 -> 73.733333 | AP170: Rusak Sedang
AB171: 169 | AC171: 64 | AD171: 28.94 | AE171: D.I. BANGO | AG171: 169 | AH171: 2462 | AI171: 33.45 | AJ171: 169 | AK171: D.I. SAMIRAN | AL171: 2462 | AM171: Kab. Pamekasan | AN171: 33.45 | AO171: =+AN171/45*100 -> 74.333333 | AP171: Rusak Sedang
AB172: 170 | AC172: 695 | AD172: 22.73 | AE172: D.I. GRINTING | AG172: 170 | AH172: 2433 | AI172: 33.46 | AJ172: 170 | AK172: D.I. NOTOPURO | AL172: 2433 | AM172: Kab. Madiun | AN172: 33.46 | AO172: =+AN172/45*100 -> 74.355556 | AP172: Rusak Sedang
AB173: 171 | AC173: 463 | AD173: 23.63 | AE173: D.I. LICIN | AG173: 171 | AH173: 551 | AI173: 33.73 | AJ173: 171 | AK173: D.I. PAINGAN | AL173: 551 | AM173: Kab. Trenggalek/Kab. Tulungagung | AN173: 33.73 | AO173: =+AN173/45*100 -> 74.955556 | AP173: Rusak Sedang
... AB180: 178 | AC180: 1372 | AD180: 21.51 | AE180: D.I. WIDODAREN | AG180: 178 | AH180: 1807 | AI180: 39.49 | AJ180: 178 | AK180: D.I. TUNJUNG | AL180: 1807 | AM180: Kab. Bangkalan | AN180: 39.49 | AO180: =+AN180/45*100 -> 87.755556 | AP180: Rusak Ringan

Sheet Non fisik
B2: Produktivitas | C2: Sarana Penujang | D2: Organisasi Personalia | E2: Dokumentasi | F2: P3A/GP3A/IP3A | G2: jumlah | H2: luas | L2: jumlah | M2: luas | O2: kondisi | Q2: Jumlah D.I | S2: kondisi | U2: Luas D.I | W2: luas | X2: Produktivitas | Y2: Sarana Penujang | Z2: Organisasi Personalia | AA2: Dokumentasi | AB2: P3A/GP3A/IP3A | AC2: jumlah | AF2: luas | AG2: Non fisik
B3: 13.38 | C3: 6 | D3: 6.5 | E3: 3.1 | F3: 3.4 | G3: =+SUM(B3:F3) -> 32.38 | H3: 148 | J3: kurang | K3: =+L3/55 -> 0.43636364 | L3: 24 | M3: 1232 | O3: jelek | P3: =+Q3/$Q$6 -> 0.24157303 | Q3: =+COUNT(AH3:AH45) -> 43 | S3: =+O3 -> jelek | T3: 0.23 | U3: =+SUM(AF3:AF45) -> 37396 | V3: 1 | W3: 1000 | X3: 9.63 | Y3: 7.23 | Z3: 11.72 | AA3: 4.18 | AB3: 7 | AC3: =+SUM(X3:AB3) -> 39.76 | AE3: 1 | AF3: 1085 | AG3: 19.01 | AH3: =+AG3/55*100 -> 34.563636 | AI3: jelek
B4: 13.36 | C4: 6 | D4: 6.5 | E4: 3.1 | F4: 3 | G4: =+SUM(B4:F4) -> 31.96 | H4: 156 | J4: kurang | K4: =+L4/55 -> 0.45927273 | L4: 25.26 | M4: 455 | O4: sedang | P4: =+Q4/$Q$6 -> 0.65168539 | Q4: =+COUNT(AH46:AH161) -> 116 | S4: =+O4 -> sedang | T4: 0.67 | U4: =+SUM(AF46:AF161) -> 109583 | V4: 2 | W4: 1403 | X4: 14.91 | Y4: 8.5 | Z4: 11.1 | AA4: 4.25 | AB4: 6.55 | AC4: =+SUM(X4:AB4) -> 45.31 | AE4: 2 | AF4: 1132 | AG4: 19.8 | AH4: =+AG4/55*100 -> 36 | AI4: jelek
B5: 13.4 | C5: 6 | D5: 6.5 | E5: 2.9 | F5: 3.99 | G5: =+SUM(B5:F5) -> 32.79 | H5: 1212 | J5: kurang | K5: =+L5/55 -> 0.50163636 | L5: 27.59 | M5: 1523 | O5: baik | P5: =+Q5/$Q$6 -> 0.10674157 | Q5: =+COUNT(AH162:AH180) -> 19 | S5: =+O5 -> baik | T5: 0.1 | U5: =+SUM(AF162:AF180) -> 20149 | V5: 3 | W5: 1370 | X5: 15 | Y5: 7.23 | Z5: 11.72 | AA5: 4.18 | AB5: 7.75 | AC5: =+SUM(X5:AB5) -> 45.88 | AE5: 3 | AF5: 1232 | AG5: 24 | AH5: =+AG5/55*100 -> 43.636364 | AI5: jelek
B6: 13.53 | C6: 6 | D6: 6.5 | E6: 3.1 | F6: 3 | G6: =+SUM(B6:F6) -> 32.13 | H6: 20 | J6: kurang | K6: =+L6/55 -> 0.50927273 | L6: 28.01 | M6: 296 | P6: =SUM(P3:P5) -> 1 | Q6: =SUM(Q3:Q5) -> 178 | T6: =SUM(T3:T5) -> 1 | U6: =SUM(U3:U5) -> 167128 | V6: 4 | W6: 1787 | X6: 12.78 | Y6: 4.14 | Z6: 7.22 | AA6: 2.9 | AB6: 4.96 | AC6: =+SUM(X6:AB6) -> 32 | AE6: 4 | AF6: 455 | AG6: 25.26 | AH6: =+AG6/55*100 -> 45.927273 | AI6: jelek
B7: 12.71 | C7: 4.6 | D7: 10.28 | E7: 2.98 | F7: 4.2 | G7: =+SUM(B7:F7) -> 34.77 | H7: 527 | J7: kurang | K7: =+L7/55 -> 0.51763636 | L7: 28.47 | M7: 971 | V7: 5 | W7: 1096 | X7: 13 | Y7: 6.15 | Z7: 9.64 | AA7: 3.8 | AB7: 7 | AC7: =+SUM(X7:AB7) -> 39.59 | AE7: 5 | AF7: 1613 | AG7: 25.89 | AH7: =+AG7/55*100 -> 47.072727 | AI7: jelek
B8: 13.65 | C8: 3.9 | D8: 8.26 | E8: 3.1 | F8: 6.3 | G8: =+SUM(B8:F8) -> 35.21 | H8: 457 | J8: kurang | K8: =+L8/55 -> 0.51945455 | L8: 28.57 | M8: 2462 | V8: 6 | W8: 1727 | X8: 13.2 | Y8: 5.14 | Z8: 9.13 | AA8: 3.33 | AB8: 5.7 | AC8: =+SUM(X8:AB8) -> 36.5 | AE8: 6 | AF8: 876 | AG8: 26.13 | AH8: =+AG8/55*100 -> 47.509091 | AI8: jelek
B9: 13.38 | C9: 6 | D9: 6.5 | E9: 3.1 | F9: 3 | G9: =+SUM(B9:F9) -> 31.98 | H9: 107 | J9: kurang | K9: =+L9/55 -> 0.53272727 | L9: 29.3 | M9: 193 | V9: 7 | W9: 1378 | X9: 9 | Y9: 8.05 | Z9: 11.19 | AA9: 3.5 | AB9: 7 | AC9: =+SUM(X9:AB9) -> 38.74 | AE9: 7 | AF9: 1523 | AG9: 27.41 | AH9: =+AG9/55*100 -> 49.836364 | AI9: jelek
B10: 14.35 | C10: 4.6 | D10: 7.7 | E10: 3.1 | F10: 3 | G10: =+SUM(B10:F10) -> 32.75 | H10: 39 | J10: kurang | K10: =+L10/55 -> 0.536 | L10: 29.48 | M10: 2946 | V10: 8 | W10: 1763 | X10: 14.47 | Y10: 6.5 | Z10: 8 | AA10: 3.3 | AB10: 6.6 | AC10: =+SUM(X10:AB10) -> 38.87 | AE10: 8 | AF10: 296 | AG10: 28.01 | AH10: =+AG10/55*100 -> 50.927273 | AI10: jelek
B11: 13.54 | C11: 3.8 | D11: 9.7 | E11: 2.9 | F11: 3 | G11: =+SUM(B11:F11) -> 32.94 | H11: 282 | J11: kurang | K11: =+L11/55 -> 0.544 | L11: 29.92 | M11: 1807 | V11: 9 | W11: 1637 | X11: 12.5 | Y11: 7.29 | Z11: 11.49 | AA11: 4.03 | AB11: 7.68 | AC11: =+SUM(X11:AB11) -> 42.99 | AE11: 9 | AF11: 64 | AG11: 28.4 | AH11: =+AG11/55*100 -> 51.636364 | AI11: jelek
B12: 13.27 | C12: 5.9 | D12: 6.5 | E12: 3.1 | F12: 3 | G12: =+SUM(B12:F12) -> 31.77 | H12: 726 | J12: kurang | K12: =+L12/55 -> 0.54636364 | L12: 30.05 | M12: 2581 | V12: 10 | W12: 1086 | X12: 13.42 | Y12: 7.71 | Z12: 11.42 | AA12: 3.88 | AB12: 7.39 | AC12: =+SUM(X12:AB12) -> 43.82 | AE12: 10 | AF12: 971 | AG12: 28.47 | AH12: =+AG12/55*100 -> 51.763636 | AI12: jelek
B13: 13.46 | C13: 6 | D13: 6.5 | E13: 3.1 | F13: 3 | G13: =+SUM(B13:F13) -> 32.06 | H13: 63 | J13: kurang | K13: =+L13/55 -> 0.56054545 | L13: 30.83 | M13: 515 | V13: 11 | W13: 1094 | X13: 10.7 | Y13: 7 | Z13: 10.5 | AA13: 3.5 | AB13: 7 | AC13: =+SUM(X13:AB13) -> 38.7 | AE13: 11 | AF13: 20 | AG13: 29 | AH13: =+AG13/55*100 -> 52.727273 | AI13: jelek
B14: 15 | C14: 5 | D14: 7.14 | E14: 3.1 | F14: 3 | G14: =+SUM(B14:F14) -> 33.24 | H14: 70 | J14: kurang | K14: =+L14/55 -> 0.56181818 | L14: 30.9 | M14: 1470 | V14: 12 | W14: 1867 | X14: 11.6 | Y14: 8.5 | Z14: 12.75 | AA14: 4.25 | AB14: 8.5 | AC14: =+SUM(X14:AB14) -> 45.6 | AE14: 12 | AF14: 193 | AG14: 29.3 | AH14: =+AG14/55*100 -> 53.272727 | AI14: jelek
B15: 14.81 | C15: 6.2 | D15: 9.88 | E15: 2.7 | F15: 4.16 | G15: =+SUM(B15:F15) -> 37.75 | H15: 53 | J15: kurang | K15: =+L15/55 -> 0.56454545 | L15: 31.05 | M15: 1736 | V15: 13 | W15: 1088 | X15: 14.86 | Y15: 7.7 | Z15: 11.15 | AA15: 3.95 | AB15: 7.8 | AC15: =+SUM(X15:AB15) -> 45.46 | AE15: 13 | AF15: 515 | AG15: 29.36 | AH15: =+AG15/55*100 -> 53.381818 | AI15: jelek
B16: 11.04 | C16: 6.95 | D16: 7.86 | E16: 3.45 | F16: 0 | G16: =+SUM(B16:F16) -> 29.3 | H16: 193 | J16: kurang | K16: =+L16/55 -> 0.56490909 | L16: 31.07 | M16: 293 | V16: 14 | W16: 1920 | X16: 13 | Y16: 7.86 | Z16: 11.36 | AA16: 3.95 | AB16: 7 | AC16: =+SUM(X16:AB16) -> 43.17 | AE16: 14 | AF16: 1807 | AG16: 30.22 | AH16: =+AG16/55*100 -> 54.945455 | AI16: jelek
B17: 11.42 | C17: 4.24 | D17: 6.1 | E17: 3.5 | F17: 0 | G17: =+SUM(B17:F17) -> 25.26 | H17: 455 | J17: kurang | K17: =+L17/55 -> 0.56563636 | L17: 31.11 | M17: 1909 | V17: 15 | W17: 1262 | X17: 13.36 | Y17: 7.88 | Z17: 12.03 | AA17: 4.03 | AB17: 7.62 | AC17: =+SUM(X17:AB17) -> 44.92 | AE17: 15 | AF17: 463 | AG17: 30.29 | AH17: =+AG17/55*100 -> 55.072727 | AI17: jelek
B18: 13.4 | C18: 6 | D18: 6.9 | E18: 3.1 | F18: 3 | G18: =+SUM(B18:F18) -> 32.4 | H18: 16 | J18: kurang | K18: =+L18/55 -> 0.56981818 | L18: 31.34 | M18: 1926 | V18: 16 | W18: 2188 | X18: 13.02 | Y18: 7.77 | Z18: 11.61 | AA18: 3.95 | AB18: 7 | AC18: =+SUM(X18:AB18) -> 43.35 | AE18: 16 | AF18: 1470 | AG18: 30.9 | AH18: =+AG18/55*100 -> 56.181818 | AI18: jelek
... B160: 12.38 | C160: 4.4 | D160: 7.46 | E160: 3.73 | F160: 5.8 | G160: =+SUM(B160:F160) -> 33.77 | H160: 1424 | J160: baik | K160: =+L160/55 -> 0.888 | L160: 48.84 | M160: 63 | V160: 158 | W160: 309 | X160: 14.97 | Y160: 6.31 | Z160: 13.15 | AA160: 4.25 | AB160: 7.46 | AC160: =+SUM(X160:AB160) -> 46.14 | AE160: 158 | AF160: 113 | AG160: 43.89 | AH160: =+AG160/55*100 -> 79.8 | AI160: sedang
V161: 159 | W161: 350 | X161: 4.95 | Y161: 7.66 | Z161: 12.75 | AA161: 4.25 | AB161: 8.41 | AC161: =+SUM(X161:AB161) -> 38.02 | AE161: 159 | AF161: 1921 | AG161: 43.89 | AH161: =+AG161/55*100 -> 79.8 | AI161: sedang
V162: 160 | W162: 63 | X162: 14.94 | Y162: 8.7 | Z162: 12.75 | AA162: 4.75 | AB162: 7.7 | AC162: =+SUM(X162:AB162) -> 48.84 | AE162: 160 | AF162: 1182 | AG162: 44 | AH162: =+AG162/55*100 -> 80 | AI162: baik
V163: 161 | W163: 777 | X163: 11.01 | Y163: 6 | Z163: 12.12 | AA163: 3.4 | AB163: 6.35 | AC163: =+SUM(X163:AB163) -> 38.88 | AE163: 161 | AF163: 1151 | AG163: 44.26 | AH163: =+AG163/55*100 -> 80.472727 | AI163: baik
V164: 162 | W164: 80 | X164: 5.29 | Y164: 3.8 | Z164: 12.75 | AA164: 4.25 | AB164: 6.7 | AC164: =+SUM(X164:AB164) -> 32.79 | AE164: 162 | AF164: 1812 | AG164: 44.42 | AH164: =+AG164/55*100 -> 80.763636 | AI164: baik
V165: 163 | W165: 190 | X165: 14.63 | Y165: 4.3 | Z165: 9.3 | AA165: 3.5 | AB165: 3 | AC165: =+SUM(X165:AB165) -> 34.73 | AE165: 163 | AF165: 13 | AG165: 44.46 | AH165: =+AG165/55*100 -> 80.836364 | AI165: baik
V166: 164 | W166: 151 | X166: 13.64 | Y166: 7 | Z166: 10.5 | AA166: 3.5 | AB166: 3 | AC166: =+SUM(X166:AB166) -> 37.64 | AE166: 164 | AF166: 1262 | AG166: 44.92 | AH166: =+AG166/55*100 -> 81.672727 | AI166: baik
V167: 165 | W167: 62 | X167: 12.99 | Y167: 7.41 | Z167: 12.75 | AA167: 3.95 | AB167: 3 | AC167: =+SUM(X167:AB167) -> 40.1 | AE167: 165 | AF167: 1393 | AG167: 44.97 | AH167: =+AG167/55*100 -> 81.763636 | AI167: baik
V168: 166 | W168: 696 | X168: 14.5 | Y168: 7.41 | Z168: 4.5 | AA168: 1.5 | AB168: 8.5 | AC168: =+SUM(X168:AB168) -> 36.41 | AE168: 166 | AF168: 1403 | AG168: 45.31 | AH168: =+AG168/55*100 -> 82.381818 | AI168: baik
V169: 167 | W169: 598 | X169: 14.38 | Y169: 7.41 | Z169: 12.75 | AA169: 4.25 | AB169: 8.5 | AC169: =+SUM(X169:AB169) -> 47.29 | AE169: 167 | AF169: 332 | AG169: 45.36 | AH169: =+AG169/55*100 -> 82.472727 | AI169: baik
V170: 168 | W170: 445 | X170: 14.63 | Y170: 7.41 | Z170: 12.45 | AA170: 3.5 | AB170: 8.5 | AC170: =+SUM(X170:AB170) -> 46.49 | AE170: 168 | AF170: 1239 | AG170: 45.42 | AH170: =+AG170/55*100 -> 82.581818 | AI170: baik
V171: 169 | W171: 64 | X171: 14.1 | Y171: 4.1 | Z171: 4.5 | AA171: 2.7 | AB171: 3 | AC171: =+SUM(X171:AB171) -> 28.4 | AE171: 169 | AF171: 1088 | AG171: 45.46 | AH171: =+AG171/55*100 -> 82.654545 | AI171: baik
V172: 170 | W172: 695 | X172: 14.96 | Y172: 6.88 | Z172: 9.68 | AA172: 2.9 | AB172: 6.1 | AC172: =+SUM(X172:AB172) -> 40.52 | AE172: 170 | AF172: 1867 | AG172: 45.6 | AH172: =+AG172/55*100 -> 82.909091 | AI172: baik
... V180: 178 | W180: 1372 | X180: 8.18 | Y180: 7 | Z180: 12.63 | AA180: 3.5 | AB180: 7 | AC180: =+SUM(X180:AB180) -> 38.31 | AE180: 178 | AF180: 63 | AG180: 48.84 | AH180: =+AG180/55*100 -> 88.8 | AI180: baik

Sheet IKSI
A1: kondisi | B1: Luas | C1: IKSI | F1: kondisi | G1: jumlah D.I | H1: jumlah D.I | K1: kondisi | L1: luas D.I | M1: luas D.I
A2: jelek | B2: 1120 | C2: 47.994 | F2: jelek | G2: =+H2/$H$6 -> 0.12359551 | H2: =+COUNT(AQ3:AQ24) -> 22 | K2: jelek | L2: 0.14 | M2: =+SUM(AP3:AP24) -> 16165 | AC2: No | AD2: DI | AE2: Luas | AF2: fisik | AG2: =+'Non fisik'!X2 -> Produktivitas | AH2: =+'Non fisik'!Y2 -> Sarana Penujang | AI2: =+'Non fisik'!Z2 -> Organisasi Personalia | AJ2: =+'Non fisik'!AA2 -> Dokumentasi | AK2: =+'Non fisik'!AB2 -> P3A/GP3A/IP3A | AL2: IKSI | AN2: No | AO2: DI | AP2: luas | AQ2: IKSI
A3: jelek | B3: 50 | C3: 48.53 | F3: kurang | G3: =+H3/$H$6 -> 0.66292135 | H3: =+COUNT(AQ25:AQ142) -> 118 | K3: kurang | L3: 0.72 | M3: =+SUM(AP25:AP142) -> 102710 | AC3: 1 | AD3: D.I. CEPOGO | AE3: 1000 | AF3: 30 | AG3: 9.63 | AH3: 7.23 | AI3: 11.72 | AJ3: 4.18 | AK3: 7 | AL3: =+SUM(AF3:AK3) -> 69.76 | AN3: 1 | AO3: D.I. RANUGRATI | AP3: 1085 | AQ3: 39.17 | AR3: jelek
A4: jelek | B4: 1008 | C4: 51.07 | F4: baik | G4: =+H4/$H$6 -> 0.21348315 | H4: =+COUNT(AQ143:AQ180) -> 38 | K4: baik | L4: 0.11 | M4: =+SUM(AP143:AP180) -> 48253 | AC4: 2 | AD4: D.I. DALEM | AE4: 1403 | AF4: 21.53 | AG4: 14.91 | AH4: 8.5 | AI4: 11.1 | AJ4: 4.25 | AK4: 6.55 | AL4: =+SUM(AF4:AK4) -> 66.84 | AN4: 2 | AO4: D.I. WD. GOGOR | AP4: 1054 | AQ4: 44.4 | AR4: jelek
A5: jelek | B5: 2340 | C5: 51.19 | AC5: 3 | AD5: D.I. SAMPUNG | AE5: 1370 | AF5: 30.94 | AG5: 15 | AH5: 7.23 | AI5: 11.72 | AJ5: 4.18 | AK5: 7.75 | AL5: =+SUM(AF5:AK5) -> 76.82 | AN5: 3 | AO5: D.I. SUMBER BERJO | AP5: 45 | AQ5: 44.81 | AR5: jelek
A6: jelek | B6: 194 | C6: 51.4 | G6: =SUM(G2:G5) -> 1 | H6: =SUM(H2:H5) -> 178 | L6: =SUM(L2:L5) -> 0.97 | M6: =SUM(M2:M5) -> 167128 | AC6: 4 | AD6: D.I. SUMOROBANGUN | AE6: 1787 | AF6: 27.97 | AG6: 12.78 | AH6: 4.14 | AI6: 7.22 | AJ6: 2.9 | AK6: 4.96 | AL6: =+SUM(AF6:AK6) -> 59.97 | AN6: 4 | AO6: D.I. TELEBUK | AP6: 1132 | AQ6: 45.2 | AR6: jelek
A7: jelek | B7: 1232 | C7: 51.63 | AC7: 5 | AD7: D.I. WATU PUTIH | AE7: 1096 | AF7: 25.69 | AG7: 13 | AH7: 6.15 | AI7: 9.64 | AJ7: 3.8 | AK7: 7 | AL7: =+SUM(AF7:AK7) -> 65.28 | AN7: 5 | AO7: D.I. KALIGERMAN | AP7: 1120 | AQ7: 47.99 | AR7: jelek
A8: jelek | B8: 1085 | C8: 51.64 | AC8: 6 | AD8: D.I. WILANGAN | AE8: 1727 | AF8: 29.38 | AG8: 13.2 | AH8: 5.14 | AI8: 9.13 | AJ8: 3.33 | AK8: 5.7 | AL8: =+SUM(AF8:AK8) -> 65.88 | AN8: 6 | AO8: D.I. MERAK URAK | AP8: 1475 | AQ8: 48.47 | AR8: jelek
A9: jelek | B9: 1055 | C9: 52.18 | AC9: 7 | AD9: D.I. GELANG | AE9: 1378 | AF9: 23.96 | AG9: 9 | AH9: 8.05 | AI9: 11.19 | AJ9: 3.5 | AK9: 7 | AL9: =+SUM(AF9:AK9) -> 62.7 | AN9: 7 | AO9: D.I. MOJOPURNO | AP9: 50 | AQ9: 48.53 | AR9: jelek
A10: jelek | B10: 209 | C10: 52.18 | AC10: 8 | AD10: D.I. DERMEN | AE10: 1763 | AF10: 33.18 | AG10: 14.47 | AH10: 6.5 | AI10: 8 | AJ10: 3.3 | AK10: 6.6 | AL10: =+SUM(AF10:AK10) -> 72.05 | AN10: 8 | AO10: D.I. KALI WADAK | AP10: 1476 | AQ10: 49.22 | AR10: jelek
A11: jelek | B11: 1799 | C11: 52.22 | AC11: 9 | AD11: D.I. KETANDAN | AE11: 1637 | AF11: 32 | AG11: 12.5 | AH11: 7.29 | AI11: 11.49 | AJ11: 4.03 | AK11: 7.68 | AL11: =+SUM(AF11:AK11) -> 74.99 | AN11: 9 | AO11: D.I. LONTONG | AP11: 151 | AQ11: 49.69 | AR11: jelek
A12: jelek | B12: 461 | C12: 52.57 | AC12: 10 | AD12: D.I. POHBLEMBEM | AE12: 1086 | AF12: 30 | AG12: 13.42 | AH12: 7.71 | AI12: 11.42 | AJ12: 3.88 | AK12: 7.39 | AL12: =+SUM(AF12:AK12) -> 73.82 | AN12: 10 | AO12: D.I. KEMBANGAN | AP12: 281 | AQ12: 50.43 | AR12: jelek
A13: jelek | B13: 455 | C13: 53.14 | AC13: 11 | AD13: D.I. BRUG PURWO | AE13: 1094 | AF13: 32.12 | AG13: 10.7 | AH13: 7 | AI13: 10.5 | AJ13: 3.5 | AK13: 7 | AL13: =+SUM(AF13:AK13) -> 70.82 | AN13: 11 | AO13: D.I. CAU | AP13: 1232 | AQ13: 51.63 | AR13: jelek
A14: jelek | B14: 971 | C14: 53.15 | AC14: 12 | AD14: D.I. CURAH MENJANGAN/KEDUNGSANGKU | AE14: 1867 | AF14: 33.12 | AG14: 11.6 | AH14: 8.5 | AI14: 12.75 | AJ14: 4.25 | AK14: 8.5 | AL14: =+SUM(AF14:AK14) -> 78.72 | AN14: 12 | AO14: D.I. KULUHAN | AP14: 209 | AQ14: 52.18 | AR14: jelek
A15: jelek | B15: 1779 | C15: 53.22 | AC15: 13 | AD15: D.I. JURANG DAWIR | AE15: 1088 | AF15: 21.64 | AG15: 14.86 | AH15: 7.7 | AI15: 11.15 | AJ15: 3.95 | AK15: 7.8 | AL15: =+SUM(AF15:AK15) -> 67.1 | AN15: 13 | AO15: D.I. SURAK | AP15: 876 | AQ15: 52.26 | AR15: jelek
A16: jelek | B16: 629 | C16: 53.59 | AC16: 14 | AD16: D.I. TEKUNG I | AE16: 1920 | AF16: 22.26 | AG16: 13 | AH16: 7.86 | AI16: 11.36 | AJ16: 3.95 | AK16: 7 | AL16: =+SUM(AF16:AK16) -> 65.43 | AN16: 14 | AO16: D.I. SENGKALING KIRI | AP16: 455 | AQ16: 53.14 | AR16: jelek
A17: jelek | B17: 59 | C17: 53.64 | AC17: 15 | AD17: D.I. UMBUL PRINGTALI | AE17: 1262 | AF17: 23.34 | AG17: 13.36 | AH17: 7.88 | AI17: 12.03 | AJ17: 4.03 | AK17: 7.62 | AL17: =+SUM(AF17:AK17) -> 68.26 | AN17: 15 | AO17: D.I. RAWA SEKARAN | AP17: 1779 | AQ17: 53.22 | AR17: jelek
A18: jelek | B18: 551 | C18: 53.71 | AC18: 16 | AD18: D.I. BAGO | AE18: 2188 | AF18: 30.37 | AG18: 13.02 | AH18: 7.77 | AI18: 11.61 | AJ18: 3.95 | AK18: 7 | AL18: =+SUM(AF18:AK18) -> 73.72 | AN18: 16 | AO18: D.I. KLALUNG | AP18: 629 | AQ18: 53.59 | AR18: jelek
... A159: sangat baik | B159: 1393 | C159: 83.09 | AC159: 157 | AD159: D.I. ARJASA | AE159: 319 | AF159: 32.48 | AG159: 13.4 | AH159: 5.06 | AI159: 10.71 | AJ159: 3.5 | AK159: 7.95 | AL159: =+SUM(AF159:AK159) -> 73.1 | AN159: 157 | AO159: D.I. TANGGULANGIN | AP159: 2581 | AQ159: 72.87 | AR159: baik
AC160: 158 | AD160: D.I. NURBIHA | AE160: 309 | AF160: 26.08 | AG160: 14.97 | AH160: 6.31 | AI160: 13.15 | AJ160: 4.25 | AK160: 7.46 | AL160: =+SUM(AF160:AK160) -> 72.22 | AN160: 158 | AO160: D.I. ARJASA | AP160: 319 | AQ160: 73.1 | AR160: baik
AC161: 159 | AD161: D.I. GUMBOLO/DAWUHAN | AE161: 350 | AF161: 19.32 | AG161: 4.95 | AH161: 7.66 | AI161: 12.75 | AJ161: 4.25 | AK161: 8.41 | AL161: =+SUM(AF161:AK161) -> 57.34 | AN161: 159 | AO161: D.I. BULAKMOJO | AP161: 1211 | AQ161: 73.26 | AR161: baik
AC162: 160 | AD162: D.I. PRINGDURI | AE162: 63 | AF162: 24.78 | AG162: 14.94 | AH162: 8.7 | AI162: 12.75 | AJ162: 4.75 | AK162: 7.7 | AL162: =+SUM(AF162:AK162) -> 73.62 | AN162: 160 | AO162: D.I. KEDUNGREJO | AP162: 1554 | AQ162: 73.46 | AR162: baik
AC163: 161 | AD163: D.I. BAJULMATI | AE163: 777 | AF163: 32.61 | AG163: 11.01 | AH163: 6 | AI163: 12.12 | AJ163: 3.4 | AK163: 6.35 | AL163: =+SUM(AF163:AK163) -> 71.49 | AN163: 161 | AO163: D.I. WONOSROYO | AP163: 1499 | AQ163: 73.6 | AR163: baik
AC164: 162 | AD164: D.I. SBR. NYAMPLONG | AE164: 80 | AF164: 32 | AG164: 5.29 | AH164: 3.8 | AI164: 12.75 | AJ164: 4.25 | AK164: 6.7 | AL164: =+SUM(AF164:AK164) -> 64.79 | AN164: 162 | AO164: D.I. PRINGDURI | AP164: 63 | AQ164: 73.62 | AR164: baik
AC165: 163 | AD165: D.I. I.S PAKIS | AE165: 190 | AF165: 26.75 | AG165: 14.63 | AH165: 4.3 | AI165: 9.3 | AJ165: 3.5 | AK165: 3 | AL165: =+SUM(AF165:AK165) -> 61.48 | AN165: 163 | AO165: D.I. BAGO | AP165: 2188 | AQ165: 73.72 | AR165: baik
AC166: 164 | AD166: D.I. LONTONG | AE166: 151 | AF166: 12.05 | AG166: 13.64 | AH166: 7 | AI166: 10.5 | AJ166: 3.5 | AK166: 3 | AL166: =+SUM(AF166:AK166) -> 49.69 | AN166: 164 | AO166: D.I. POHBLEMBEM | AP166: 1086 | AQ166: 73.82 | AR166: baik
AC167: 165 | AD167: D.I. WARUJINGGO | AE167: 62 | AF167: 15.95 | AG167: 12.99 | AH167: 7.41 | AI167: 12.75 | AJ167: 3.95 | AK167: 3 | AL167: =+SUM(AF167:AK167) -> 56.05 | AN167: 165 | AO167: D.I. KLITIK BENDOKROSOK | AP167: 332 | AQ167: 74.88 | AR167: baik
AC168: 166 | AD168: D.I. TAPOSAN | AE168: 696 | AF168: 29.64 | AG168: 14.5 | AH168: 7.41 | AI168: 4.5 | AJ168: 1.5 | AK168: 8.5 | AL168: =+SUM(AF168:AK168) -> 66.05 | AN168: 166 | AO168: D.I. KETANDAN | AP168: 1637 | AQ168: 74.99 | AR168: baik
AC169: 167 | AD169: D.I. KRASAK | AE169: 598 | AF169: 27.75 | AG169: 14.38 | AH169: 7.41 | AI169: 12.75 | AJ169: 4.25 | AK169: 8.5 | AL169: =+SUM(AF169:AK169) -> 75.04 | AN169: 167 | AO169: D.I. KRASAK | AP169: 598 | AQ169: 75.04 | AR169: baik
AC170: 168 | AD170: D.I. MBOK SITI | AE170: 445 | AF170: 30.65 | AG170: 14.63 | AH170: 7.41 | AI170: 12.45 | AJ170: 3.5 | AK170: 8.5 | AL170: =+SUM(AF170:AK170) -> 77.14 | AN170: 168 | AO170: D.I. JATIMLEREK | AP170: 1812 | AQ170: 75.22 | AR170: baik
AC171: 169 | AD171: D.I. BANGO | AE171: 64 | AF171: 28.94 | AG171: 14.1 | AH171: 4.1 | AI171: 4.5 | AJ171: 2.7 | AK171: 3 | AL171: =+SUM(AF171:AK171) -> 57.34 | AN171: 169 | AO171: D.I. GROGOL | AP171: 1239 | AQ171: 75.42 | AR171: baik
... AC180: 178 | AD180: D.I. WIDODAREN | AE180: 1372 | AF180: 21.51 | AG180: 8.18 | AH180: 7 | AI180: 12.63 | AJ180: 3.5 | AK180: 7 | AL180: =+SUM(AF180:AK180) -> 59.82 | AN180: 178 | AO180: D.I. KOTTOK | AP180: 1879 | AQ180: 79.74 | AR180: baik

Sheet average
C1: Komponen | D1: Yang Ada | E1: Maks | F1: Min | G1: Optimum
C2: Prasarana Fisik | D2: =+AI181 -> 28.13207 | E2: 45 | F2: 25 | G2: 35 | X2: No | Y2: DI | Z2: Luas | AA2: fisik | AB2: Produktivitas | AC2: Sarana Penujang | AD2: Organisasi Personalia | AE2: Dokumentasi | AF2: P3A/GP3A/IP3A | AG2: IKSI | AI2: fisik | AJ2: Produktivitas | AK2: Sarana Penujang | AL2: Organisasi Personalia | AM2: Dokumentasi | AN2: P3A/GP3A/IP3A
C3: Produktivitas | D3: =+AJ181 -> 11.854102 | E3: 15 | F3: 10 | G3: 12.5 | X3: 1 | Y3: D.I. CEPOGO | Z3: 1000 | AA3: 30 | AB3: 9.63 | AC3: 7.23 | AD3: 11.72 | AE3: 4.18 | AF3: 7 | AG3: 69.76 | AI3: =+AA3*Z3/$Z$181 -> 0.17950314 | AJ3: =+AB3*Z3/$Z$181 -> 0.057620506 | AK3: =+AC3*Z3/$Z$181 -> 0.043260256 | AL3: =+AD3*Z3/$Z$181 -> 0.070125892 | AM3: =+AE3*Z3/$Z$181 -> 0.02501077 | AN3: =+AF3*Z3/$Z$181 -> 0.041884065
C4: Sarana Penujang | D4: =+AK181 -> 6.2055456 | E4: 10 | F4: 5 | G4: 7.5 | X4: 2 | Y4: D.I. DALEM | Z4: 1403 | AA4: 21.53 | AB4: 14.91 | AC4: 8.5 | AD4: 11.1 | AE4: 4.25 | AF4: 6.55 | AG4: 66.84 | AI4: =+AA4*Z4/$Z$181 -> 0.18073925 | AJ4: =+AB4*Z4/$Z$181 -> 0.12516592 | AK4: =+AC4*Z4/$Z$181 -> 0.071355488 | AL4: =+AD4*Z4/$Z$181 -> 0.093181873 | AM4: =+AE4*Z4/$Z$181 -> 0.035677744 | AN4: =+AF4*Z4/$Z$181 -> 0.0549857
C5: Organisasi Personalia | D5: =+AL181 -> 9.9658699 | E5: 15 | F5: 7.5 | G5: 10 | X5: 3 | Y5: D.I. SAMPUNG | Z5: 1370 | AA5: 30.94 | AB5: 15 | AC5: 7.23 | AD5: 11.72 | AE5: 4.18 | AF5: 7.75 | AG5: 76.82 | AI5: =+AA5*Z5/$Z$181 -> 0.25362477 | AJ5: =+AB5*Z5/$Z$181 -> 0.12295965 | AK5: =+AC5*Z5/$Z$181 -> 0.05926655 | AL5: =+AD5*Z5/$Z$181 -> 0.096072471 | AM5: =+AE5*Z5/$Z$181 -> 0.034264755 | AN5: =+AF5*Z5/$Z$181 -> 0.063529151
C6: Dokumentasi | D6: =+AM181 -> 3.4962514 | E6: 5 | F6: 2.5 | G6: 5 | X6: 4 | Y6: D.I. SUMOROBANGUN | Z6: 1787 | AA6: 27.97 | AB6: 12.78 | AC6: 4.14 | AD6: 7.22 | AE6: 2.9 | AF6: 4.96 | AG6: 59.97 | AI6: =+AA6*Z6/$Z$181 -> 0.29906652 | AJ6: =+AB6*Z6/$Z$181 -> 0.13664892 | AK6: =+AC6*Z6/$Z$181 -> 0.04426655 | AL6: =+AD6*Z6/$Z$181 -> 0.077199153 | AM6: =+AE6*Z6/$Z$181 -> 0.03100797 | AN6: =+AF6*Z6/$Z$181 -> 0.053034321
C7: P3A/GP3A/IP3A | D7: =+AN181 -> 6.1105784 | E7: 10 | F7: 5 | G7: 7.5 | X7: 5 | Y7: D.I. WATU PUTIH | Z7: 1096 | AA7: 25.69 | AB7: 13 | AC7: 6.15 | AD7: 9.64 | AE7: 3.8 | AF7: 7 | AG7: 65.28 | AI7: =+AA7*Z7/$Z$181 -> 0.16847111 | AJ7: =+AB7*Z7/$Z$181 -> 0.085252022 | AK7: =+AC7*Z7/$Z$181 -> 0.040330764 | AL7: =+AD7*Z7/$Z$181 -> 0.063217654 | AM7: =+AE7*Z7/$Z$181 -> 0.024919822 | AN7: =+AF7*Z7/$Z$181 -> 0.045904935
C8: Jumlah IKSI | D8: =SUM(D2:D7) -> 65.764417 | E8: =SUM(E2:E7) -> 100 | F8: =SUM(F2:F7) -> 55 | G8: =SUM(G2:G7) -> 77.5 | X8: 6 | Y8: D.I. WILANGAN | Z8: 1727 | AA8: 29.38 | AB8: 13.2 | AC8: 5.14 | AD8: 9.13 | AE8: 3.33 | AF8: 5.7 | AG8: 65.88 | AI8: =+AA8*Z8/$Z$181 -> 0.30359521 | AJ8: =+AB8*Z8/$Z$181 -> 0.13640084 | AK8: =+AC8*Z8/$Z$181 -> 0.053113661 | AL8: =+AD8*Z8/$Z$181 -> 0.094343916 | AM8: =+AE8*Z8/$Z$181 -> 0.034410213 | AN8: =+AF8*Z8/$Z$181 -> 0.058900364
X9: 7 | Y9: D.I. GELANG | Z9: 1378 | AA9: 23.96 | AB9: 9 | AC9: 8.05 | AD9: 11.19 | AE9: 3.5 | AF9: 7 | AG9: 62.7 | AI9: =+AA9*Z9/$Z$181 -> 0.19755445 | AJ9: =+AB9*Z9/$Z$181 -> 0.074206596 | AK9: =+AC9*Z9/$Z$181 -> 0.066373678 | AL9: =+AD9*Z9/$Z$181 -> 0.092263535 | AM9: =+AE9*Z9/$Z$181 -> 0.028858121 | AN9: =+AF9*Z9/$Z$181 -> 0.057716241
X10: 8 | Y10: D.I. DERMEN | Z10: 1763 | AA10: 33.18 | AB10: 14.47 | AC10: 6.5 | AD10: 8 | AE10: 3.3 | AF10: 6.6 | AG10: 72.05 | AI10: =+AA10*Z10/$Z$181 -> 0.35000921 | AJ10: =+AB10*Z10/$Z$181 -> 0.15264115 | AK10: =+AC10*Z10/$Z$181 -> 0.068567206 | AL10: =+AD10*Z10/$Z$181 -> 0.084390407 | AM10: =+AE10*Z10/$Z$181 -> 0.034811043 | AN10: =+AF10*Z10/$Z$181 -> 0.069622086
X11: 9 | Y11: D.I. KETANDAN | Z11: 1637 | AA11: 32 | AB11: 12.5 | AC11: 7.29 | AD11: 11.49 | AE11: 4.03 | AF11: 7.68 | AG11: 74.99 | AI11: =+AA11*Z11/$Z$181 -> 0.31343641 | AJ11: =+AB11*Z11/$Z$181 -> 0.1224361 | AK11: =+AC11*Z11/$Z$181 -> 0.071404732 | AL11: =+AD11*Z11/$Z$181 -> 0.11254326 | AM11: =+AE11*Z11/$Z$181 -> 0.039473398 | AN11: =+AF11*Z11/$Z$181 -> 0.075224738
X12: 10 | Y12: D.I. POHBLEMBEM | Z12: 1086 | AA12: 30 | AB12: 13.42 | AC12: 7.71 | AD12: 11.42 | AE12: 3.88 | AF12: 7.39 | AG12: 73.82 | AI12: =+AA12*Z12/$Z$181 -> 0.1949404 | AJ12: =+AB12*Z12/$Z$181 -> 0.087203341 | AK12: =+AC12*Z12/$Z$181 -> 0.050099684 | AL12: =+AD12*Z12/$Z$181 -> 0.074207314 | AM12: =+AE12*Z12/$Z$181 -> 0.025212292 | AN12: =+AF12*Z12/$Z$181 -> 0.04802032
X13: 11 | Y13: D.I. BRUG PURWO | Z13: 1094 | AA13: 32.12 | AB13: 10.7 | AC13: 7 | AD13: 10.5 | AE13: 3.5 | AF13: 7 | AG13: 70.82 | AI13: =+AA13*Z13/$Z$181 -> 0.2102537 | AJ13: =+AB13*Z13/$Z$181 -> 0.070040927 | AK13: =+AC13*Z13/$Z$181 -> 0.045821167 | AL13: =+AD13*Z13/$Z$181 -> 0.068731751 | AM13: =+AE13*Z13/$Z$181 -> 0.022910584 | AN13: =+AF13*Z13/$Z$181 -> 0.045821167
X14: 12 | Y14: D.I. CURAH MENJANGAN/KEDUNGSANGKU | Z14: 1867 | AA14: 33.12 | AB14: 11.6 | AC14: 8.5 | AD14: 12.75 | AE14: 4.25 | AF14: 8.5 | AG14: 78.72 | AI14: =+AA14*Z14/$Z$181 -> 0.36998612 | AJ14: =+AB14*Z14/$Z$181 -> 0.12958451 | AK14: =+AC14*Z14/$Z$181 -> 0.094954167 | AL14: =+AD14*Z14/$Z$181 -> 0.14243125 | AM14: =+AE14*Z14/$Z$181 -> 0.047477083 | AN14: =+AF14*Z14/$Z$181 -> 0.094954167
X15: 13 | Y15: D.I. JURANG DAWIR | Z15: 1088 | AA15: 21.64 | AB15: 14.86 | AC15: 7.7 | AD15: 11.15 | AE15: 3.95 | AF15: 7.8 | AG15: 67.1 | AI15: =+AA15*Z15/$Z$181 -> 0.14087598 | AJ15: =+AB15*Z15/$Z$181 -> 0.096738308 | AK15: =+AC15*Z15/$Z$181 -> 0.050126849 | AL15: =+AD15*Z15/$Z$181 -> 0.072586281 | AM15: =+AE15*Z15/$Z$181 -> 0.025714422 | AN15: =+AF15*Z15/$Z$181 -> 0.050777847
X16: 14 | Y16: D.I. TEKUNG I | Z16: 1920 | AA16: 22.26 | AB16: 13 | AC16: 7.86 | AD16: 11.36 | AE16: 3.95 | AF16: 7 | AG16: 65.43 | AI16: =+AA16*Z16/$Z$181 -> 0.25572735 | AJ16: =+AB16*Z16/$Z$181 -> 0.14934661 | AK16: =+AC16*Z16/$Z$181 -> 0.090297257 | AL16: =+AD16*Z16/$Z$181 -> 0.13050596 | AM16: =+AE16*Z16/$Z$181 -> 0.045378393 | AN16: =+AF16*Z16/$Z$181 -> 0.080417405
X17: 15 | Y17: D.I. UMBUL PRINGTALI | Z17: 1262 | AA17: 23.34 | AB17: 13.36 | AC17: 7.88 | AD17: 12.03 | AE17: 4.03 | AF17: 7.62 | AG17: 68.26 | AI17: =+AA17*Z17/$Z$181 -> 0.17624264 | AJ17: =+AB17*Z17/$Z$181 -> 0.10088268 | AK17: =+AC17*Z17/$Z$181 -> 0.059502657 | AL17: =+AD17*Z17/$Z$181 -> 0.090839716 | AM17: =+AE17*Z17/$Z$181 -> 0.030430927 | AN17: =+AF17*Z17/$Z$181 -> 0.057539371
X18: 16 | Y18: D.I. BAGO | Z18: 2188 | AA18: 30.37 | AB18: 13.02 | AC18: 7.77 | AD18: 11.61 | AE18: 3.95 | AF18: 7 | AG18: 73.72 | AI18: =+AA18*Z18/$Z$181 -> 0.39759681 | AJ18: =+AB18*Z18/$Z$181 -> 0.17045474 | AK18: =+AC18*Z18/$Z$181 -> 0.10172299 | AL18: =+AD18*Z18/$Z$181 -> 0.15199536 | AM18: =+AE18*Z18/$Z$181 -> 0.05171246 | AN18: =+AF18*Z18/$Z$181 -> 0.091642334
X19: 17 | Y19: D.I. GROGOL | Z19: 1239 | AA19: 30 | AB19: 14.53 | AC19: 8.05 | AD19: 11.9 | AE19: 3.88 | AF19: 7.06 | AG19: 75.42 | AI19: =+AA19*Z19/$Z$181 -> 0.22240438 | AJ19: =+AB19*Z19/$Z$181 -> 0.10771786 | AK19: =+AC19*Z19/$Z$181 -> 0.05967851 | AL19: =+AD19*Z19/$Z$181 -> 0.088220406 | AM19: =+AE19*Z19/$Z$181 -> 0.0287643 | AN19: =+AF19*Z19/$Z$181 -> 0.052339165
X20: 18 | Y20: D.I. KARANGLO | Z20: 2323 | AA20: 20.18 | AB20: 12.05 | AC20: 7.56 | AD20: 11.37 | AE20: 3.65 | AF20: 8.05 | AG20: 62.86 | AI20: =+AA20*Z20/$Z$181 -> 0.28049244 | AJ20: =+AB20*Z20/$Z$181 -> 0.16748929 | AK20: =+AC20*Z20/$Z$181 -> 0.10508042 | AL20: =+AD20*Z20/$Z$181 -> 0.15803761 | AM20: =+AE20*Z20/$Z$181 -> 0.05073327 | AN20: =+AF20*Z20/$Z$181 -> 0.11189119
... X180: 178 | Y180: D.I. WIDODAREN | Z180: 1372 | AA180: 21.51 | AB180: 8.18 | AC180: 7 | AD180: 12.63 | AE180: 3.5 | AF180: 7 | AG180: 59.82 | AI180: =+AA180*Z180/$Z$181 -> 0.17658154 | AJ180: =+AB180*Z180/$Z$181 -> 0.067151884 | AK180: =+AC180*Z180/$Z$181 -> 0.057464937 | AL180: =+AD180*Z180/$Z$181 -> 0.10368316 | AM180: =+AE180*Z180/$Z$181 -> 0.028732469 | AN180: =+AF180*Z180/$Z$181 -> 0.057464937
Z181: =SUM(Z3:Z180) -> 167128 | AI181: =SUM(AI3:AI180) -> 28.13207 | AJ181: =SUM(AJ3:AJ180) -> 11.854102 | AK181: =SUM(AK3:AK180) -> 6.2055456 | AL181: =SUM(AL3:AL180) -> 9.9658699 | AM181: =SUM(AM3:AM180) -> 3.4962514 | AN181: =SUM(AN3:AN180) -> 6.1105784 | AO181: =+SUM(AI181:AN181) -> 65.764417

Sheet EPAKSI
A1: Daftar User Name Aplikasi EPAKSI Daerah Irigasi Kewenangan Pemerintah Provinsi Jawa Timur
A2: No. | B2: Nomeklatur/ Nama Daerah Irigasi | C2: Luas Daerah Irigasi Sesuai Permen 14/2015 (Ha) | D2: Lokasi Kabupaten/Kota | E2: Kode D.I | F2: Indeks Kondisi Sistem Irigasi (%) | M2: Keterangan | P2: IKSI PER UPT | X2: IKSI SE JAWA TIMUR | AF2: BENDUNG
F3: Prasarana Fisik | G3: Produktivitas | H3: Sarana Penujang | I3: Organisasi Personalia | J3: Dokumentasi | K3: P3A/GP3A/IP3A | L3: Jumlah | P3: Prasarana Fisik | Q3: Produktivitas | R3: Sarana Penujang | S3: Organisasi Personalia | T3: Dokumentasi | U3: P3A/GP3A/IP3A | V3: Jumlah | X3: Prasarana Fisik | Y3: Produktivitas | Z3: Sarana Penujang | AA3: Organisasi Personalia | AB3: Dokumentasi | AC3: P3A/GP3A/IP3A | AD3: Jumlah | AF3: Tahun | AG3: Nilai
F5: Nilai Maks 45% | G5: Nilai Maks 15% | H5: Nilai Maks 10% | I5: Nilai Maks 15% | J5: Nilai Maks 5% | K5: Nilai Maks 10% | L5: Nilai Maks 100% | P5: Nilai Maks 45% | Q5: Nilai Maks 15% | R5: Nilai Maks 10% | S5: Nilai Maks 15% | T5: Nilai Maks 5% | U5: Nilai Maks 10% | V5: Nilai Maks 100% | X5: Nilai Maks 45% | Y5: Nilai Maks 15% | Z5: Nilai Maks 10% | AA5: Nilai Maks 15% | AB5: Nilai Maks 5% | AC5: Nilai Maks 10% | AD5: Nilai Maks 100%
A6: I | B6: UPT PSDA WS Brantas (Korwil Malang)
A7: 1 | B7: D.I. Bakalan | C7: 148 | D7: Kab./Kota Malang | E7: 35000001 | F7: 29.82 | G7: 13.38 | H7: 6 | I7: 6.5 | J7: 3.1 | K7: 3.4 | L7: =+SUM(F7:K7) -> 62.2 | M7: Penilaian prasarana fisik 2022 dan non prasarana fisik 2022 | P7: =(F7*C7)/$C$42 -> 0.45876923 | Q7: =(G7*C7)/$C$42 -> 0.20584615 | R7: =(H7*C7)/$C$42 -> 0.092307692 | S7: =(I7*C7)/$C$42 -> 0.1 | T7: =(J7*C7)/$C$42 -> 0.047692308 | U7: =(K7*C7)/$C$42 -> 0.052307692 | X7: =(F7*C7)/$C$202 -> 0.026407065 | Y7: =(G7*C7)/$C$202 -> 0.011848643 | Z7: =(H7*C7)/$C$202 -> 0.0053132928 | AA7: =(I7*C7)/$C$202 -> 0.0057560672 | AB7: =(J7*C7)/$C$202 -> 0.0027452013 | AC7: =(K7*C7)/$C$202 -> 0.0030108659
A8: 2 | B8: D.I. Bodo | C8: 156 | D8: Kab./Kota Malang | E8: 35000002 | F8: 29.92 | G8: 13.36 | H8: 6 | I8: 6.5 | J8: 3.1 | K8: 3 | L8: =+SUM(F8:K8) -> 61.88 | M8: Penilaian prasarana fisik 2022 dan non prasarana fisik 2022 | P8: =(F8*C8)/$C$42 -> 0.48518919 | Q8: =(G8*C8)/$C$42 -> 0.21664865 | R8: =(H8*C8)/$C$42 -> 0.097297297 | S8: =(I8*C8)/$C$42 -> 0.10540541 | T8: =(J8*C8)/$C$42 -> 0.05027027 | U8: =(K8*C8)/$C$42 -> 0.048648649 | X8: =(F8*C8)/$C$202 -> 0.027927816 | Y8: =(G8*C8)/$C$202 -> 0.012470442 | Z8: =(H8*C8)/$C$202 -> 0.0056004978 | AA8: =(I8*C8)/$C$202 -> 0.006067206 | AB8: =(J8*C8)/$C$202 -> 0.0028935905 | AC8: =(K8*C8)/$C$202 -> 0.0028002489
A9: 3 | B9: D.I. Kadalpang | C9: 1212 | D9: Kab./Kota Malang | E9: 35000003 | F9: 16.71 | G9: 14.34 | H9: 6 | I9: 6.5 | J9: 2.9 | K9: 3.99 | L9: =+SUM(F9:K9) -> 50.44 | M9: Penilaian prasarana fisik 2022 dan non prasarana fisik 2022 | P9: =(F9*C9)/$C$42 -> 2.1052516 | Q9: =(G9*C9)/$C$42 -> 1.8066611 | R9: =(H9*C9)/$C$42 -> 0.75592516 | S9: =(I9*C9)/$C$42 -> 0.81891892 | T9: =(J9*C9)/$C$42 -> 0.36536383 | U9: =(K9*C9)/$C$42 -> 0.50269023 | X9: =(F9*C9)/$C$202 -> 0.12117969 | Y9: =(G9*C9)/$C$202 -> 0.10399263 | Z9: =(H9*C9)/$C$202 -> 0.04351156 | AA9: =(I9*C9)/$C$202 -> 0.047137523 | AB9: =(J9*C9)/$C$202 -> 0.021030587 | AC9: =(K9*C9)/$C$202 -> 0.028935187
A10: 4 | B10: D.I. Kajar II A | C10: 20 | D10: Kab./Kota Malang | E10: 35000004 | F10: 28.65 | G10: 13.53 | H10: 6 | I10: 6.5 | J10: 3.1 | K10: 3.2 | L10: =+SUM(F10:K10) -> 60.98 | M10: Penilaian prasarana fisik 2022 dan non prasarana fisik 2022 | P10: =(F10*C10)/$C$42 -> 0.05956341 | Q10: =(G10*C10)/$C$42 -> 0.028128898 | R10: =(H10*C10)/$C$42 -> 0.012474012 | S10: =(I10*C10)/$C$42 -> 0.013513514 | T10: =(J10*C10)/$C$42 -> 0.0064449064 | U10: =(K10*C10)/$C$42 -> 0.0066528067 | X10: =(F10*C10)/$C$202 -> 0.0034285099 | Y10: =(G10*C10)/$C$202 -> 0.0016191183 | Z10: =(H10*C10)/$C$202 -> 0.00071801254 | AA10: =(I10*C10)/$C$202 -> 0.00077784692 | AB10: =(J10*C10)/$C$202 -> 0.00037097315 | AC10: =(K10*C10)/$C$202 -> 0.00038294002
A11: 5 | B11: D.I. Kali Metro | C11: 527 | D11: Kab./Kota Malang | E11: 35000005 | F11: 28.25 | G11: 12.75 | H11: 4.6 | I11: 10.28 | J11: 2.98 | K11: 4.2 | L11: =+SUM(F11:K11) -> 63.06 | M11: Penilaian prasarana fisik 2023 dan non prasarana fisik 2023 | P11: =(F11*C11)/$C$42 -> 1.5475832 | Q11: =(G11*C11)/$C$42 -> 0.69846674 | R11: =(H11*C11)/$C$42 -> 0.25199584 | S11: =(I11*C11)/$C$42 -> 0.56315593 | T11: =(J11*C11)/$C$42 -> 0.16324948 | U11: =(K11*C11)/$C$42 -> 0.23008316 | X11: =(F11*C11)/$C$202 -> 0.089079927 | Y11: =(G11*C11)/$C$202 -> 0.040204215 | Z11: =(H11*C11)/$C$202 -> 0.01450505 | AA11: =(I11*C11)/$C$202 -> 0.032415634 | AB11: =(J11*C11)/$C$202 -> 0.0093967498 | AC11: =(K11*C11)/$C$202 -> 0.013243741
A12: 6 | B12: D.I. Kalilanang | C12: 457 | D12: Kab. Malang, Kota Batu | E12: 35000006 | F12: 23.97 | G12: 13.65 | H12: 4.6 | I12: 8.26 | J12: 3.1 | K12: 6.3 | L12: =+SUM(F12:K12) -> 59.88 | M12: Penilaian prasarana fisik 2022 dan non prasarana fisik 2022 | P12: =(F12*C12)/$C$42 -> 1.1386996 | Q12: =(G12*C12)/$C$42 -> 0.64844595 | R12: =(H12*C12)/$C$42 -> 0.21852391 | S12: =(I12*C12)/$C$42 -> 0.39239293 | T12: =(J12*C12)/$C$42 -> 0.14726611 | U12: =(K12*C12)/$C$42 -> 0.29928274 | X12: =(F12*C12)/$C$202 -> 0.065544313 | Y12: =(G12*C12)/$C$202 -> 0.037324984 | Z12: =(H12*C12)/$C$202 -> 0.012578383 | AA12: =(I12*C12)/$C$202 -> 0.022586401 | AB12: =(J12*C12)/$C$202 -> 0.0084767364 | AC12: =(K12*C12)/$C$202 -> 0.017226916
A13: 7 | B13: D.I. Kebalon | C13: 107 | D13: Kab./Kota Malang | E13: 35000007 | F13: 29.45 | G13: 13.38 | H13: 6 | I13: 6.5 | J13: 3.1 | K13: 3.2 | L13: =+SUM(F13:K13) -> 61.63 | M13: Penilaian prasarana fisik 2022 dan non prasarana fisik 2022 | P13: =(F13*C13)/$C$42 -> 0.32756237 | Q13: =(G13*C13)/$C$42 -> 0.14882121 | R13: =(H13*C13)/$C$42 -> 0.066735967 | S13: =(I13*C13)/$C$42 -> 0.072297297 | T13: =(J13*C13)/$C$42 -> 0.034480249 | U13: =(K13*C13)/$C$42 -> 0.035592516 | X13: =(F13*C13)/$C$202 -> 0.01885471 | Y13: =(G13*C13)/$C$202 -> 0.0085662486 | Z13: =(H13*C13)/$C$202 -> 0.0038413671 | AA13: =(I13*C13)/$C$202 -> 0.004161481 | AB13: =(J13*C13)/$C$202 -> 0.0019847063 | AC13: =(K13*C13)/$C$202 -> 0.0020487291
A14: 8 | B14: D.I. Losawi | C14: 39 | D14: Kab./Kota Malang | E14: 35000008 | F14: 28.57 | G14: 14.35 | H14: 4.6 | I14: 7.7 | J14: 3.1 | K14: 3 | L14: =+SUM(F14:K14) -> 61.32 | M14: Penilaian prasarana fisik 2022 dan non prasarana fisik 2022 | P14: =(F14*C14)/$C$42 -> 0.11582432 | Q14: =(G14*C14)/$C$42 -> 0.058175676 | R14: =(H14*C14)/$C$42 -> 0.018648649 | S14: =(I14*C14)/$C$42 -> 0.031216216 | T14: =(J14*C14)/$C$42 -> 0.012567568 | U14: =(K14*C14)/$C$42 -> 0.012162162 | X14: =(F14*C14)/$C$202 -> 0.0066669259 | Y14: =(G14*C14)/$C$202 -> 0.003348631 | Z14: =(H14*C14)/$C$202 -> 0.0010734287 | AA14: =(I14*C14)/$C$202 -> 0.0017968264 | AB14: =(J14*C14)/$C$202 -> 0.00072339764 | AC14: =(K14*C14)/$C$202 -> 0.00070006223
A15: 9 | B15: D.I. Ngukir | C15: 282 | D15: Kab. Malang, Kota Batu | E15: 35000009 | F15: 28.48 | G15: 13.54 | H15: 3.9 | I15: 9.7 | J15: 3 | K15: 3 | L15: =+SUM(F15:K15) -> 61.62 | M15: Penilaian prasarana fisik 2022 dan non prasarana fisik 2022 | P15: =(F15*C15)/$C$42 -> 0.83486071 | Q15: =(G15*C15)/$C$42 -> 0.3969106 | R15: =(H15*C15)/$C$42 -> 0.11432432 | S15: =(I15*C15)/$C$42 -> 0.28434511 | T15: =(J15*C15)/$C$42 -> 0.087941788 | U15: =(K15*C15)/$C$42 -> 0.087941788 | X15: =(F15*C15)/$C$202 -> 0.048055143 | Y15: =(G15*C15)/$C$202 -> 0.022846441 | Z15: =(H15*C15)/$C$202 -> 0.0065805849 | AA15: =(I15*C15)/$C$202 -> 0.016367096 | AB15: =(J15*C15)/$C$202 -> 0.0050619884 | AC15: =(K15*C15)/$C$202 -> 0.0050619884
A16: 10 | B16: D.I. Pakis | C16: 726 | D16: Kab./Kota Malang | E16: 35000010 | F16: 31.96 | G16: 13.27 | H16: 5.9 | I16: 6.5 | J16: 3.1 | K16: 3 | L16: =+SUM(F16:K16) -> 63.73 | M16: Penilaian prasarana fisik 2022 dan non prasarana fisik 2022 | P16: =(F16*C16)/$C$42 -> 2.4119501 | Q16: =(G16*C16)/$C$42 -> 1.0014574 | R16: =(H16*C16)/$C$42 -> 0.44525988 | S16: =(I16*C16)/$C$42 -> 0.49054054 | T16: =(J16*C16)/$C$42 -> 0.2339501 | U16: =(K16*C16)/$C$42 -> 0.22640333 | X16: =(F16*C16)/$C$202 -> 0.13883347 | Y16: =(G16*C16)/$C$202 -> 0.05764456 | Z16: =(H16*C16)/$C$202 -> 0.025629458 | AA16: =(I16*C16)/$C$202 -> 0.028235843 | AB16: =(J16*C16)/$C$202 -> 0.013466325 | AC16: =(K16*C16)/$C$202 -> 0.013031928
A17: 11 | B17: D.I. Peniwen | C17: 63 | D17: Kab./Kota Malang | E17: 35000011 | F17: 27.57 | G17: 13.46 | H17: 6.5 | I17: 6.5 | J17: 3.1 | K17: 3.2 | L17: =+SUM(F17:K17) -> 60.33 | M17: Penilaian prasarana fisik 2022 dan non prasarana fisik 2022 | P17: =(F17*C17)/$C$42 -> 0.18055198 | Q17: =(G17*C17)/$C$42 -> 0.088147609 | R17: =(H17*C17)/$C$42 -> 0.042567568 | S17: =(I17*C17)/$C$42 -> 0.042567568 | T17: =(J17*C17)/$C$42 -> 0.020301455 | U17: =(K17*C17)/$C$42 -> 0.020956341 | X17: =(F17*C17)/$C$202 -> 0.010392693 | Y17: =(G17*C17)/$C$202 -> 0.0050738356 | Z17: =(H17*C17)/$C$202 -> 0.0024502178 | AA17: =(I17*C17)/$C$202 -> 0.0024502178 | AB17: =(J17*C17)/$C$202 -> 0.0011685654 | AC17: =(K17*C17)/$C$202 -> 0.0012062611
A18: 12 | B18: D.I. Podokaton | C18: 70 | D18: Kab./Kota Malang | E18: 35000012 | F18: 28.39 | G18: 15 | H18: 5.5 | I18: 7.14 | J18: 3.1 | K18: 3 | L18: =+SUM(F18:K18) -> 62.13 | M18: Penilaian prasarana fisik 2022 dan non prasarana fisik 2022 | P18: =(F18*C18)/$C$42 -> 0.20658004 | Q18: =(G18*C18)/$C$42 -> 0.10914761 | R18: =(H18*C18)/$C$42 -> 0.04002079 | S18: =(I18*C18)/$C$42 -> 0.051954262 | T18: =(J18*C18)/$C$42 -> 0.022557173 | U18: =(K18*C18)/$C$42 -> 0.021829522 | X18: =(F18*C18)/$C$202 -> 0.011890886 | Y18: =(G18*C18)/$C$202 -> 0.0062826097 | Z18: =(H18*C18)/$C$202 -> 0.0023036236 | AA18: =(I18*C18)/$C$202 -> 0.0029905222 | AB18: =(J18*C18)/$C$202 -> 0.001298406 | AC18: =(K18*C18)/$C$202 -> 0.0012565219
... A30: 24 | B30: D.I. Jempor | C30: 54 | D30: Kab./Kota Blitar | E30: 35000025 | F30: 29.82 | G30: 13.51 | H30: 6 | I30: 10.5 | J30: 3.5 | K30: 7 | L30: =+SUM(F30:K30) -> 70.33 | M30: Penilaian prasarana fisik 2022 dan non prasarana fisik 2022 | P30: =(F30*C30)/$C$42 -> 0.16738877 | Q30: =(G30*C30)/$C$42 -> 0.075835759 | R30: =(H30*C30)/$C$42 -> 0.033679834 | S30: =(I30*C30)/$C$42 -> 0.058939709 | T30: =(J30*C30)/$C$42 -> 0.01964657 | U30: =(K30*C30)/$C$42 -> 0.039293139 | X30: =(F30*C30)/$C$202 -> 0.0096350103 | Y30: =(G30*C30)/$C$202 -> 0.0043651572 | Z30: =(H30*C30)/$C$202 -> 0.0019386339 | AA30: =(I30*C30)/$C$202 -> 0.0033926093 | AB30: =(J30*C30)/$C$202 -> 0.0011308698 | AC30: =(K30*C30)/$C$202 -> 0.0022617395
A31: 25 | B31: D.I. Tambakrejo I | C31: 23 | D31: Kab./Kota Blitar | E31: 35000026 | F31: 29.66 | G31: 13.53 | H31: 7 | I31: 10.5 | J31: 3.5 | K31: 7 | L31: 7 | M31: Penilaian prasarana fisik 2022 dan non prasarana fisik 2022 | P31: =(F31*C31)/$C$42 -> 0.070912682 | Q31: =(G31*C31)/$C$42 -> 0.032348233 | R31: =(H31*C31)/$C$42 -> 0.016735967 | S31: =(I31*C31)/$C$42 -> 0.02510395 | T31: =(J31*C31)/$C$42 -> 0.0083679834 | U31: =(K31*C31)/$C$42 -> 0.016735967 | X31: =(F31*C31)/$C$202 -> 0.0040817816 | Y31: =(G31*C31)/$C$202 -> 0.001861986 | Z31: =(H31*C31)/$C$202 -> 0.00096333349 | AA31: =(I31*C31)/$C$202 -> 0.0014450002 | AB31: =(J31*C31)/$C$202 -> 0.00048166675 | AC31: =(K31*C31)/$C$202 -> 0.00096333349
A32: 26 | B32: D.I. Rembang | C32: 42 | D32: Kab./Kota Blitar | E32: 35000027 | F32: 28.87 | G32: 13.15 | H32: 7 | I32: 10.5 | J32: 3.5 | K32: 7 | L32: =+SUM(F32:K32) -> 70.02 | M32: Penilaian prasarana fisik 2022 dan non prasarana fisik 2022 | P32: =(F32*C32)/$C$42 -> 0.12604366 | Q32: =(G32*C32)/$C$42 -> 0.057411642 | R32: =(H32*C32)/$C$42 -> 0.030561331 | S32: =(I32*C32)/$C$42 -> 0.045841996 | T32: =(J32*C32)/$C$42 -> 0.015280665 | U32: =(K32*C32)/$C$42 -> 0.030561331 | X32: =(F32*C32)/$C$202 -> 0.0072551577 | Y32: =(G32*C32)/$C$202 -> 0.0033046527 | Z32: =(H32*C32)/$C$202 -> 0.0017591307 | AA32: =(I32*C32)/$C$202 -> 0.0026386961 | AB32: =(J32*C32)/$C$202 -> 0.00087956536 | AC32: =(K32*C32)/$C$202 -> 0.0017591307
A33: 27 | B33: D.I. Plosotengah | C33: 51 | D33: Kab./Kota Blitar | E33: 35000028 | F33: 13.8 | G33: 13.22 | H33: 7 | I33: 10.5 | J33: 3.5 | K33: 7 | L33: =+SUM(F33:K33) -> 55.02 | M33: Penilaian prasarana fisik 2022 dan non prasarana fisik 2022 | P33: =(F33*C33)/$C$42 -> 0.073160083 | Q33: =(G33*C33)/$C$42 -> 0.070085239 | R33: =(H33*C33)/$C$42 -> 0.037110187 | S33: =(I33*C33)/$C$42 -> 0.055665281 | T33: =(J33*C33)/$C$42 -> 0.018555094 | U33: =(K33*C33)/$C$42 -> 0.037110187 | X33: =(F33*C33)/$C$202 -> 0.0042111436 | Y33: =(G33*C33)/$C$202 -> 0.0040341535 | Z33: =(H33*C33)/$C$202 -> 0.0021360873 | AA33: =(I33*C33)/$C$202 -> 0.003204131 | AB33: =(J33*C33)/$C$202 -> 0.0010680437 | AC33: =(K33*C33)/$C$202 -> 0.0021360873
A34: 28 | B34: D.I. Sawahan | C34: 82 | D34: Kab./Kota Blitar | E34: 35000029 | F34: 27.48 | G34: 13.52 | H34: 7 | I34: 10.5 | J34: 3.5 | K34: 7 | L34: =+SUM(F34:K34) -> 69 | M34: Penilaian prasarana fisik 2022 dan non prasarana fisik 2022 | P34: =(F34*C34)/$C$42 -> 0.23423701 | Q34: =(G34*C34)/$C$42 -> 0.11524324 | R34: =(H34*C34)/$C$42 -> 0.05966736 | S34: =(I34*C34)/$C$42 -> 0.08950104 | T34: =(J34*C34)/$C$42 -> 0.02983368 | U34: =(K34*C34)/$C$42 -> 0.05966736 | X34: =(F34*C34)/$C$202 -> 0.01348284 | Y34: =(G34*C34)/$C$202 -> 0.0066334785 | Z34: =(H34*C34)/$C$202 -> 0.0034344933 | AA34: =(I34*C34)/$C$202 -> 0.00515174 | AB34: =(J34*C34)/$C$202 -> 0.0017172467 | AC34: =(K34*C34)/$C$202 -> 0.0034344933
A35: 29 | B35: D.I. Ngrebo | C35: 62 | D35: Kab./Kota Blitar | E35: 35000030 | F35: 24.65 | G35: 13.57 | H35: 7 | I35: 10.5 | J35: 3.5 | K35: 7 | L35: =+SUM(F35:K35) -> 66.22 | M35: Penilaian prasarana fisik 2022 dan non prasarana fisik 2022 | P35: =(F35*C35)/$C$42 -> 0.15886694 | Q35: =(G35*C35)/$C$42 -> 0.08745738 | R35: =(H35*C35)/$C$42 -> 0.045114345 | S35: =(I35*C35)/$C$42 -> 0.067671518 | T35: =(J35*C35)/$C$42 -> 0.022557173 | U35: =(K35*C35)/$C$42 -> 0.045114345 | X35: =(F35*C35)/$C$202 -> 0.0091444881 | Y35: =(G35*C35)/$C$202 -> 0.0050341056 | Z35: =(H35*C35)/$C$202 -> 0.002596812 | AA35: =(I35*C35)/$C$202 -> 0.003895218 | AB35: =(J35*C35)/$C$202 -> 0.001298406 | AC35: =(K35*C35)/$C$202 -> 0.002596812
A36: 30 | B36: D.I. Jatinom | C36: 56 | D36: Kab./Kota Blitar | E36: 35000032 | F36: 26.65 | G36: 13.17 | H36: 7 | I36: 10.5 | J36: 3.5 | K36: 7 | L36: =+SUM(F36:K36) -> 67.82 | M36: Penilaian prasarana fisik 2022 dan non prasarana fisik 2022 | P36: =(F36*C36)/$C$42 -> 0.15513514 | Q36: =(G36*C36)/$C$42 -> 0.076665281 | R36: =(H36*C36)/$C$42 -> 0.040748441 | S36: =(I36*C36)/$C$42 -> 0.061122661 | T36: =(J36*C36)/$C$42 -> 0.02037422 | U36: =(K36*C36)/$C$42 -> 0.040748441 | X36: =(F36*C36)/$C$202 -> 0.0089296826 | Y36: =(G36*C36)/$C$202 -> 0.0044129051 | Z36: =(H36*C36)/$C$202 -> 0.0023455076 | AA36: =(I36*C36)/$C$202 -> 0.0035182615 | AB36: =(J36*C36)/$C$202 -> 0.0011727538 | AC36: =(K36*C36)/$C$202 -> 0.0023455076
A37: 31 | B37: D.I. Sumber Tulung | C37: 38 | D37: Kab./Kota Blitar | E37: 35000033 | F37: 17.25 | G37: 13.58 | H37: 7 | I37: 10.5 | J37: 3.5 | K37: 7 | L37: =+SUM(F37:K37) -> 58.83 | M37: Penilaian prasarana fisik 2022 dan non prasarana fisik 2022 | P37: =(F37*C37)/$C$42 -> 0.068139293 | Q37: =(G37*C37)/$C$42 -> 0.053642412 | R37: =(H37*C37)/$C$42 -> 0.027650728 | S37: =(I37*C37)/$C$42 -> 0.041476091 | T37: =(J37*C37)/$C$42 -> 0.013825364 | U37: =(K37*C37)/$C$42 -> 0.027650728 | X37: =(F37*C37)/$C$202 -> 0.0039221435 | Y37: =(G37*C37)/$C$202 -> 0.0030876933 | Z37: =(H37*C37)/$C$202 -> 0.0015915945 | AA37: =(I37*C37)/$C$202 -> 0.0023873917 | AB37: =(J37*C37)/$C$202 -> 0.00079579723 | AC37: =(K37*C37)/$C$202 -> 0.0015915945
A38: 32 | B38: D.I. Sumber Berjo | C38: 45 | D38: Kab./Kota Blitar | E38: 35000038 | F38: 5.3 | G38: 11.51 | H38: 7 | I38: 10.5 | J38: 3.5 | K38: 7 | L38: =+SUM(F38:K38) -> 44.81 | M38: Penilaian prasarana fisik 2022 dan non prasarana fisik 2022 | P38: =(F38*C38)/$C$42 -> 0.0247921 | Q38: =(G38*C38)/$C$42 -> 0.053840956 | R38: =(H38*C38)/$C$42 -> 0.032744283 | S38: =(I38*C38)/$C$42 -> 0.049116424 | T38: =(J38*C38)/$C$42 -> 0.016372141 | U38: =(K38*C38)/$C$42 -> 0.032744283 | X38: =(F38*C38)/$C$202 -> 0.0014270499 | Y38: =(G38*C38)/$C$202 -> 0.0030991216 | Z38: =(H38*C38)/$C$202 -> 0.0018847829 | AA38: =(I38*C38)/$C$202 -> 0.0028271744 | AB38: =(J38*C38)/$C$202 -> 0.00094239146 | AC38: =(K38*C38)/$C$202 -> 0.0018847829
A39: 33 | B39: D.I. Jaten Termas | C39: 461 | D39: Kab. Blitar, Kab. Kediri | E39: 35000039 | F39: 22.88 | G39: 9.35 | H39: 7.46 | I39: 11.28 | J39: 3.48 | K39: 7 | L39: =+SUM(F39:K39) -> 61.45 | M39: Penilaian prasarana fisik 2022 dan non prasarana fisik 2022 | P39: =(F39*C39)/$C$42 -> 1.0964324 | Q39: =(G39*C39)/$C$42 -> 0.44806133 | R39: =(H39*C39)/$C$42 -> 0.35749064 | S39: =(I39*C39)/$C$42 -> 0.54054886 | T39: =(J39*C39)/$C$42 -> 0.16676507 | U39: =(K39*C39)/$C$42 -> 0.33544699 | X39: =(F39*C39)/$C$202 -> 0.063111388 | Y39: =(G39*C39)/$C$202 -> 0.025790711 | Z39: =(H39*C39)/$C$202 -> 0.020577402 | AA39: =(I39*C39)/$C$202 -> 0.031114355 | AB39: =(J39*C39)/$C$202 -> 0.0095991097 | AC39: =(K39*C39)/$C$202 -> 0.019308554
A40: 34 | B40: D.I. Dermen | C40: 1763 | D40: Kabupaten Blitar | E40: 35000194 | F40: 33.18 | G40: 14.47 | H40: 7 | I40: 8.2 | J40: 3.3 | K40: 6.6 | L40: =+SUM(F40:K40) -> 72.75 | M40: Penilaian prasarana fisik 2021 dan non prasarana fisik 2021 | P40: =(F40*C40)/$C$42 -> 6.0807006 | Q40: =(G40*C40)/$C$42 -> 2.6518306 | R40: =(H40*C40)/$C$42 -> 1.2828482 | S40: =(I40*C40)/$C$42 -> 1.5027651 | T40: =(J40*C40)/$C$42 -> 0.60477131 | U40: =(K40*C40)/$C$42 -> 1.2095426 | X40: =(F40*C40)/$C$202 -> 0.35000921 | Y40: =(G40*C40)/$C$202 -> 0.15264115 | Z40: =(H40*C40)/$C$202 -> 0.073841606 | AA40: =(I40*C40)/$C$202 -> 0.086500168 | AB40: =(J40*C40)/$C$202 -> 0.034811043 | AC40: =(K40*C40)/$C$202 -> 0.069622086
A41: 35 | B41: D.I. Gelang | C41: 1378 | D41: Kabupaten Tulungagung | E41: 35000095 | F41: 20.68 | G41: 9.25 | H41: 8.05 | I41: 11.19 | J41: 3.5 | K41: 7 | L41: =+SUM(F41:K41) -> 59.67 | M41: Penilaian prasarana fisik 2022 dan non prasarana fisik 2022 | P41: =(F41*C41)/$C$42 -> 2.9622703 | Q41: =(G41*C41)/$C$42 -> 1.325 | R41: =(H41*C41)/$C$42 -> 1.1531081 | S41: =(I41*C41)/$C$42 -> 1.6028919 | T41: =(J41*C41)/$C$42 -> 0.50135135 | U41: =(K41*C41)/$C$42 -> 1.0027027 | V41: IKSI | W41: IKJI | X41: =(F41*C41)/$C$202 -> 0.17051027 | Y41: =(G41*C41)/$C$202 -> 0.07626789 | Z41: =(H41*C41)/$C$202 -> 0.066373678 | AA41: =(I41*C41)/$C$202 -> 0.092263535 | AB41: =(J41*C41)/$C$202 -> 0.028858121 | AC41: =(K41*C41)/$C$202 -> 0.057716241
B42: TOTAL | C42: =SUM(C7:C41) -> 9620 | P42: =SUM(P7:P41) -> 26.304512 | Q42: =SUM(Q7:Q41) -> 12.755364 | R42: =SUM(R7:R41) -> 6.3616746 | S42: =SUM(S7:S41) -> 8.5960239 | T42: =SUM(T7:T41) -> 3.2766175 | U42: =SUM(U7:U41) -> 5.0596622 | V42: =SUM(P42:U42) -> 62.353854 | W42: =(P42/45)*100 -> 58.454472
A43: II | B43: UPT PSDA WS Brantas | L43: =+SUM(F43:K43) -> 0
A44: 1 | B44: D.I. Sbr. Gayam | C44: 1926 | D44: Kab. Trenggalek, Kab. Tulungagung | E44: 35000020 | F44: 29.94 | G44: 11.67 | H44: 4.5 | I44: 7.62 | J44: 3.5 | K44: 4.76 | L44: =+SUM(F44:K44) -> 61.99 | M44: Penilaian prasarana fisik 2020 dan non prasarana fisik 2020 | P44: =(F44*C44)/$C$63 -> 3.4836247 | Q44: =(G44*C44)/$C$63 -> 1.3578457 | R44: =(H44*C44)/$C$63 -> 0.52359089 | S44: =(I44*C44)/$C$63 -> 0.88661391 | T44: =(J44*C44)/$C$63 -> 0.40723736 | U44: =(K44*C44)/$C$63 -> 0.55384281 | X44: =(F44*C44)/$C$202 -> 0.34503159 | Y44: =(G44*C44)/$C$202 -> 0.13448626 | Z44: =(H44*C44)/$C$202 -> 0.051858456 | AA44: =(I44*C44)/$C$202 -> 0.087813652 | AB44: =(J44*C44)/$C$202 -> 0.040334355 | AC44: =(K44*C44)/$C$202 -> 0.054854722
A45: 2 | B45: D.I. Widoro | C45: 2946 | D45: Kab. Trenggalek, Kab. Tulungagung | E45: 35000023 | F45: 30.54 | G45: 12.09 | H45: 4.5 | I45: 6.02 | J45: 2.9 | K45: 4.76 | L45: =+SUM(F45:K45) -> 60.81 | M45: Penilaian prasarana fisik 2021 dan non prasarana fisik 2021 | P45: =(F45*C45)/$C$63 -> 5.4353193 | Q45: =(G45*C45)/$C$63 -> 2.151703 | R45: =(H45*C45)/$C$63 -> 0.80088202 | S45: =(I45*C45)/$C$63 -> 1.0714022 | T45: =(J45*C45)/$C$63 -> 0.51612397 | U45: =(K45*C45)/$C$63 -> 0.8471552 | X45: =(F45*C45)/$C$202 -> 0.53833493 | Y45: =(G45*C45)/$C$202 -> 0.21311294 | Z45: =(H45*C45)/$C$202 -> 0.079322435 | AA45: =(I45*C45)/$C$202 -> 0.10611579 | AB45: =(J45*C45)/$C$202 -> 0.051118903 | AC45: =(K45*C45)/$C$202 -> 0.08390551
A46: 3 | B46: D.I. Gunting | C46: 369 | D46: Kab./Kota Kediri | E46: 35000040 | F46: 30.28 | G46: 12.7 | H46: 5.8 | I46: 10.15 | J46: 3.18 | K46: 3.96 | L46: =+SUM(F46:K46) -> 66.07 | M46: Penilaian prasarana fisik 2021 dan non prasarana fisik 2021 | P46: =(F46*C46)/$C$63 -> 0.67500272 | Q46: =(G46*C46)/$C$63 -> 0.2831088 | R46: =(H46*C46)/$C$63 -> 0.12929378 | S46: =(I46*C46)/$C$63 -> 0.22626412 | T46: =(J46*C46)/$C$63 -> 0.070888661 | U46: =(K46*C46)/$C$63 -> 0.088276445 | X46: =(F46*C46)/$C$202 -> 0.066854866 | Y46: =(G46*C46)/$C$202 -> 0.028040185 | Z46: =(H46*C46)/$C$202 -> 0.012805754 | AA46: =(I46*C46)/$C$202 -> 0.022410069 | AB46: =(J46*C46)/$C$202 -> 0.0070210856 | AC46: =(K46*C46)/$C$202 -> 0.0087432387
A47: 4 | B47: D.I. Kembangan | C47: 281 | D47: Kab./Kota Kediri | E47: 35000041 | F47: 16.15 | G47: 7.5 | H47: 7.52 | I47: 10.03 | J47: 3.45 | K47: 6.6 | L47: =+SUM(F47:K47) -> 51.25 | M47: Penilaian prasarana fisik 2021 dan non prasarana fisik 2021 | P47: =(F47*C47)/$C$63 -> 0.27415876 | Q47: =(G47*C47)/$C$63 -> 0.12731831 | R47: =(H47*C47)/$C$63 -> 0.12765783 | S47: =(I47*C47)/$C$63 -> 0.17026702 | T47: =(J47*C47)/$C$63 -> 0.058566423 | U47: =(K47*C47)/$C$63 -> 0.11204011 | X47: =(F47*C47)/$C$202 -> 0.027153738 | Y47: =(G47*C47)/$C$202 -> 0.012610095 | Z47: =(H47*C47)/$C$202 -> 0.012643722 | AA47: =(I47*C47)/$C$202 -> 0.016863901 | AB47: =(J47*C47)/$C$202 -> 0.0058006438 | AC47: =(K47*C47)/$C$202 -> 0.011096884
A48: 5 | B48: D.I. Klitik Bendokrosok | C48: 332 | D48: Kab./Kota Kediri | E48: 35000042 | F48: 29.52 | G48: 14.49 | H48: 7.64 | I48: 11.66 | J48: 3.88 | K48: 7.69 | L48: =+SUM(F48:K48) -> 74.88 | M48: Penilaian prasarana fisik 2022 dan non prasarana fisik 2022 | P48: =(F48*C48)/$C$63 -> 0.59207636 | Q48: =(G48*C48)/$C$63 -> 0.29062285 | R48: =(H48*C48)/$C$63 -> 0.15323385 | S48: =(I48*C48)/$C$63 -> 0.23386214 | T48: =(J48*C48)/$C$63 -> 0.077820335 | U48: =(K48*C48)/$C$63 -> 0.15423669 | X48: =(F48*C48)/$C$202 -> 0.05864152 | Y48: =(G48*C48)/$C$202 -> 0.028784405 | Z48: =(H48*C48)/$C$202 -> 0.01517687 | AA48: =(I48*C48)/$C$202 -> 0.023162606 | AB48: =(J48*C48)/$C$202 -> 0.0077076253 | AC48: =(K48*C48)/$C$202 -> 0.015276195
A49: 6 | B49: D.I. Klitih Kresek | C49: 108 | D49: Kab./Kota Kediri | E49: 35000043 | F49: 28.53 | G49: 10.52 | H49: 7.37 | I49: 11.15 | J49: 3.8 | K49: 7 | L49: =+SUM(F49:K49) -> 68.37 | M49: Penilaian prasarana fisik 2021 dan non prasarana fisik 2021 | P49: =(F49*C49)/$C$63 -> 0.1861439 | Q49: =(G49*C49)/$C$63 -> 0.068637709 | R49: =(H49*C49)/$C$63 -> 0.048085543 | S49: =(I49*C49)/$C$63 -> 0.072748142 | T49: =(J49*C49)/$C$63 -> 0.024793089 | U49: =(K49*C49)/$C$63 -> 0.045671479 | X49: =(F49*C49)/$C$202 -> 0.018436408 | Y49: =(G49*C49)/$C$202 -> 0.0067981427 | Z49: =(H49*C49)/$C$202 -> 0.0047625772 | AA49: =(I49*C49)/$C$202 -> 0.0072052559 | AB49: =(J49*C49)/$C$202 -> 0.0024556029 | AC49: =(K49*C49)/$C$202 -> 0.004523479
A50: 7 | B50: D.I. Ngaglik | C50: 98 | D50: Kab./Kota Kediri | E50: 35000044 | F50: 24.05 | G50: 13.96 | H50: 7.62 | I50: 11.06 | J50: 3.8 | K50: 7 | L50: =+SUM(F50:K50) -> 67.49 | M50: Penilaian prasarana fisik 2021 dan non prasarana fisik 2021 | P50: =(F50*C50)/$C$63 -> 0.14238507 | Q50: =(G50*C50)/$C$63 -> 0.082648463 | R50: =(H50*C50)/$C$63 -> 0.045113273 | S50: =(I50*C50)/$C$63 -> 0.065479369 | T50: =(J50*C50)/$C$63 -> 0.022497432 | U50: =(K50*C50)/$C$63 -> 0.041442639 | X50: =(F50*C50)/$C$202 -> 0.014102365 | Y50: =(G50*C50)/$C$202 -> 0.0081858216 | Z50: =(H50*C50)/$C$202 -> 0.004468192 | AA50: =(I50*C50)/$C$202 -> 0.0064853286 | AB50: =(J50*C50)/$C$202 -> 0.0022282323 | AC50: =(K50*C50)/$C$202 -> 0.0041046384
A51: 8 | B51: D.I. Ngablak | C51: 245 | D51: Kab./Kota Kediri | E51: 35000200 | F51: 23.13 | G51: 14.04 | H51: 7.44 | I51: 11.1 | J51: 3.88 | K51: 7 | L51: =+SUM(F51:K51) -> 66.59 | M51: Penilaian prasarana fisik 2021 dan non prasarana fisik 2021 | P51: =(F51*C51)/$C$63 -> 0.3423458 | Q51: =(G51*C51)/$C$63 -> 0.20780523 | R51: =(H51*C51)/$C$63 -> 0.11011901 | S51: =(I51*C51)/$C$63 -> 0.16429046 | T51: =(J51*C51)/$C$63 -> 0.057427657 | U51: =(K51*C51)/$C$63 -> 0.1036066 | X51: =(F51*C51)/$C$202 -> 0.033907245 | Y51: =(G51*C51)/$C$202 -> 0.020581829 | Z51: =(H51*C51)/$C$202 -> 0.010906611 | AA51: =(I51*C51)/$C$202 -> 0.016271959 | AB51: =(J51*C51)/$C$202 -> 0.005687856 | AC51: =(K51*C51)/$C$202 -> 0.010261596
A52: 9 | B52: D.I. Bujel | C52: 113 | D52: Kab./Kota Kediri | E52: 35000206 | F52: 13.38 | G52: 14.63 | H52: 7.77 | I52: 10.76 | J52: 3.73 | K52: 7 | L52: =+SUM(F52:K52) -> 57.27 | M52: Penilaian prasarana fisik 2021 dan non prasarana fisik 2021 | P52: =(F52*C52)/$C$63 -> 0.091339334 | Q52: =(G52*C52)/$C$63 -> 0.099872531 | R52: =(H52*C52)/$C$63 -> 0.053042349 | S52: =(I52*C52)/$C$63 -> 0.073453755 | T52: =(J52*C52)/$C$63 -> 0.025463058 | U52: =(K52*C52)/$C$63 -> 0.0477859 | X52: =(F52*C52)/$C$202 -> 0.009046599 | Y52: =(G52*C52)/$C$202 -> 0.0098917596 | Z52: =(H52*C52)/$C$202 -> 0.0052535183 | AA52: =(I52*C52)/$C$202 -> 0.0072751424 | AB52: =(J52*C52)/$C$202 -> 0.0025219592 | AC52: =(K52*C52)/$C$202 -> 0.0047328993
A53: 10 | B53: D.I. Pesantren | C53: 69 | D53: Kab./Kota Kediri | E53: 35000202 | F53: 23.57 | G53: 13.47 | H53: 7.59 | I53: 11.34 | J53: 3.8 | K53: 7.45 | L53: =+SUM(F53:K53) -> 67.22 | M53: Penilaian prasarana fisik 2021 dan non prasarana fisik 2021 | P53: =(F53*C53)/$C$63 -> 0.098249864 | Q53: =(G53*C53)/$C$63 -> 0.056148734 | R53: =(H53*C53)/$C$63 -> 0.031638374 | S53: =(I53*C53)/$C$63 -> 0.047269981 | T53: =(J53*C53)/$C$63 -> 0.015840029 | U53: =(K53*C53)/$C$63 -> 0.031054794 | X53: =(F53*C53)/$C$202 -> 0.0097310445 | Y53: =(G53*C53)/$C$202 -> 0.0055611866 | Z53: =(H53*C53)/$C$202 -> 0.0031335862 | AA53: =(I53*C53)/$C$202 -> 0.0046818008 | AB53: =(J53*C53)/$C$202 -> 0.0015688574 | AC53: =(K53*C53)/$C$202 -> 0.0030757862
A54: 11 | B54: D.I. Betis/Ngreco | C54: 38 | D54: Kab./Kota Kediri | E54: 35000203 | F54: 24.48 | G54: 13.36 | H54: 7.54 | I54: 11.4 | J54: 3.88 | K54: 7.6 | L54: =+SUM(F54:K54) -> 68.26 | M54: Penilaian prasarana fisik 2021 dan non prasarana fisik 2021 | P54: =(F54*C54)/$C$63 -> 0.056197668 | Q54: =(G54*C54)/$C$63 -> 0.030669969 | R54: =(H54*C54)/$C$63 -> 0.017309249 | S54: =(I54*C54)/$C$63 -> 0.026170483 | T54: =(J54*C54)/$C$63 -> 0.0089071467 | U54: =(K54*C54)/$C$63 -> 0.017446988 | X54: =(F54*C54)/$C$202 -> 0.0055660332 | Y54: =(G54*C54)/$C$202 -> 0.0030376717 | Z54: =(H54*C54)/$C$202 -> 0.0017143746 | AA54: =(I54*C54)/$C$202 -> 0.0025920253 | AB54: =(J54*C54)/$C$202 -> 0.00088219808 | AC54: =(K54*C54)/$C$202 -> 0.0017280168
A55: 12 | B55: D.I. Ketandan | C55: 1637 | D55: Kabupaten Kediri | E55: 35000096 | F55: 34.93 | G55: 12.5 | H55: 7.29 | I55: 11.49 | J55: 4.03 | K55: 7.68 | L55: =+SUM(F55:K55) -> 77.92 | M55: Penilaian prasarana fisik 2021 dan non prasarana fisik 2021 | P55: =(F55*C55)/$C$63 -> 3.4543835 | Q55: =(G55*C55)/$C$63 -> 1.2361808 | R55: =(H55*C55)/$C$63 -> 0.72094061 | S55: =(I55*C55)/$C$63 -> 1.1362973 | T55: =(J55*C55)/$C$63 -> 0.39854467 | U55: =(K55*C55)/$C$63 -> 0.75950945 | X55: =(F55*C55)/$C$202 -> 0.34213543 | Y55: =(G55*C55)/$C$202 -> 0.1224361 | Z55: =(H55*C55)/$C$202 -> 0.071404732 | AA55: =(I55*C55)/$C$202 -> 0.11254326 | AB55: =(J55*C55)/$C$202 -> 0.039473398 | AC55: =(K55*C55)/$C$202 -> 0.075224738
... A58: 15 | B58: D.I. Kedung Gerit | C58: 1470 | D58: Kabupaten Nganjuk | E58: 35000108 | F58: 29.24 | G58: 12.13 | H58: 5 | I58: 8.58 | J58: 3 | K58: 3.9 | L58: =+SUM(F58:K58) -> 61.85 | M58: Penilaian prasarana fisik 2020 dan non prasarana fisik 2020 | P58: =(F58*C58)/$C$63 -> 2.5966773 | Q58: =(G58*C58)/$C$63 -> 1.0772126 | R58: =(H58*C58)/$C$63 -> 0.44402827 | S58: =(I58*C58)/$C$63 -> 0.76195252 | T58: =(J58*C58)/$C$63 -> 0.26641696 | U58: =(K58*C58)/$C$63 -> 0.34634205 | X58: =(F58*C58)/$C$202 -> 0.25718491 | Y58: =(G58*C58)/$C$202 -> 0.10669128 | Z58: =(H58*C58)/$C$202 -> 0.043978268 | AA58: =(I58*C58)/$C$202 -> 0.075466708 | AB58: =(J58*C58)/$C$202 -> 0.026386961 | AC58: =(K58*C58)/$C$202 -> 0.034303049
A59: 16 | B59: D.I. Ngrambe | C59: 1185 | D59: Kabupaten Nganjuk | E59: 35000109 | F59: 33.78 | G59: 11.34 | H59: 7 | I59: 11.2 | J59: 4.1 | K59: 4.6 | L59: =+SUM(F59:K59) -> 72.02 | P59: =(F59*C59)/$C$63 -> 2.4182505 | Q59: =(G59*C59)/$C$63 -> 0.81181055 | R59: =(H59*C59)/$C$63 -> 0.50111762 | S59: =(I59*C59)/$C$63 -> 0.8017882 | T59: =(J59*C59)/$C$63 -> 0.29351175 | U59: =(K59*C59)/$C$63 -> 0.32930587 | X59: =(F59*C59)/$C$202 -> 0.23951283 | Y59: =(G59*C59)/$C$202 -> 0.080404839 | Z59: =(H59*C59)/$C$202 -> 0.049632617 | AA59: =(I59*C59)/$C$202 -> 0.079412187 | AB59: =(J59*C59)/$C$202 -> 0.029070533 | AC59: =(K59*C59)/$C$202 -> 0.03261572
A60: 17 | B60: D.I. Jatimlerek | C60: 1812 | D60: Kabupaten Jombang | E60: 35000111 | F60: 30.8 | G60: 14.34 | H60: 7.3 | I60: 11.16 | J60: 4.03 | K60: 7.59 | L60: =+SUM(F60:K60) -> 75.22 | M60: Penilaian prasarana fisik 2021 dan non prasarana fisik 2021 | P60: =(F60*C60)/$C$42 -> 5.8014137 | Q60: =(G60*C60)/$C$63 -> 1.5697505 | R60: =(H60*C60)/$C$63 -> 0.7991059 | S60: =(I60*C60)/$C$63 -> 1.2216468 | T60: =(J60*C60)/$C$63 -> 0.44115024 | U60: =(K60*C60)/$C$63 -> 0.83085121 | X60: =(F60*C60)/$C$202 -> 0.33393327 | Y60: =(G60*C60)/$C$202 -> 0.15547413 | Z60: =(H60*C60)/$C$202 -> 0.079146522 | AA60: =(I60*C60)/$C$202 -> 0.1209966 | AB60: =(J60*C60)/$C$202 -> 0.043693217 | AC60: =(K60*C60)/$C$202 -> 0.082290699
A61: 18 | B61: D.I. Slumbung | C61: 1182 | D61: Kabupaten Jombang | E61: 35000110 | F61: 26.38 | G61: 13.51 | H61: 7.74 | I61: 11.45 | J61: 3.8 | K61: 7.84 | L61: =+SUM(F61:K61) -> 70.72 | M61: Penilaian prasarana fisik 2021 dan non prasarana fisik 2021 | P61: =(F61*C61)/$C$42 -> 3.2412848 | Q61: =(G61*C61)/$C$63 -> 0.96470851 | R61: =(H61*C61)/$C$63 -> 0.55269015 | S61: =(I61*C61)/$C$63 -> 0.8176101 | T61: =(J61*C61)/$C$63 -> 0.27134658 | U61: =(K61*C61)/$C$63 -> 0.55983085 | X61: =(F61*C61)/$C$202 -> 0.18657053 | Y61: =(G61*C61)/$C$202 -> 0.095548442 | Z61: =(H61*C61)/$C$202 -> 0.054740558 | AA61: =(I61*C61)/$C$202 -> 0.080979249 | AB61: =(J61*C61)/$C$202 -> 0.026875209 | AC61: =(K61*C61)/$C$202 -> 0.0554478
A62: 19 | B62: D.I. Badas | C62: 445 | D62: Kab. Jombang, Kab. Kediri | E62: 35000193 | F62: 25.55 | G62: 13.22 | H62: 7.81 | I62: 11.64 | J62: 3.8 | K62: 7.3 | L62: =+SUM(F62:K62) -> 69.32 | M62: Penilaian prasarana fisik 2021 dan non prasarana fisik 2021 | P62: =(F62*C62)/$C$42 -> 1.1818867 | Q62: =(G62*C62)/$C$63 -> 0.35539781 | R62: =(H62*C62)/$C$63 -> 0.20995892 | S62: =(I62*C62)/$C$63 -> 0.31292213 | T62: =(J62*C62)/$C$63 -> 0.10215671 | U62: =(K62*C62)/$C$63 -> 0.19624841 | V62: IKSI | W62: IKJI | X62: =(F62*C62)/$C$202 -> 0.068030192 | Y62: =(G62*C62)/$C$202 -> 0.035199966 | Z62: =(H62*C62)/$C$202 -> 0.020795139 | AA62: =(I62*C62)/$C$202 -> 0.030993011 | AB62: =(J62*C62)/$C$202 -> 0.010117993 | AC62: =(K62*C62)/$C$202 -> 0.019437198
B63: TOTAL | C63: =SUM(C44:C62) -> 16553 | P63: =SUM(P44:P62) -> 34.424676 | Q63: =SUM(Q44:Q62) -> 12.749278 | R63: =SUM(R44:R62) -> 6.2857536 | S63: =SUM(S44:S62) -> 9.5672072 | T63: =SUM(T44:T62) -> 3.6278324 | U63: =SUM(U44:U62) -> 5.8860176 | V63: =SUM(P63:U63) -> 72.540765 | W63: =(P63/45)*100 -> 76.499281
A64: III | B64: UPT PSDA WS Brantas (Korwil Surabaya)
A65: 1 | B65: D.I. Tawangsari | C65: 62 | D65: Kab. Jombang, Kab. Mojokerto | E65: 35000045 | F65: 21.06 | G65: 12.8 | H65: 7.65 | I65: 11.4 | J65: 3.88 | K65: 7.68 | L65: =+SUM(F65:K65) -> 64.47 | M65: Penilaian prasarana fisik 2021 dan non prasarana fisik 2021 | P65: =(F65*C65)/$C$75 -> 0.20203002 | Q65: =(G65*C65)/$C$75 -> 0.12279127 | R65: =(H65*C65)/$C$75 -> 0.073386972 | S65: =(I65*C65)/$C$75 -> 0.10936098 | T65: =(J65*C65)/$C$75 -> 0.037221105 | U65: =(K65*C65)/$C$75 -> 0.073674764 | X65: =(F65*C65)/$C$202 -> 0.0078126945 | Y65: =(G65*C65)/$C$202 -> 0.0047484563 | Z65: =(H65*C65)/$C$202 -> 0.0028379446 | AA65: =(I65*C65)/$C$202 -> 0.0042290939 | AB65: =(J65*C65)/$C$202 -> 0.0014393758 | AC65: =(K65*C65)/$C$202 -> 0.0028490738
A66: 2 | B66: D.I. Kejagan | C66: 288 | D66: Kab. Jombang, Kab. Mojokerto | E66: 35000046 | F66: 21.67 | G66: 11.75 | H66: 7.71 | I66: 11.64 | J66: 3.95 | K66: 7.3 | L66: =+SUM(F66:K66) -> 64.02 | M66: Penilaian prasarana fisik 2021 dan non prasarana fisik 2021 | P66: =(F66*C66)/$C$75 -> 0.96564444 | Q66: =(G66*C66)/$C$75 -> 0.52359585 | R66: =(H66*C66)/$C$75 -> 0.343568 | S66: =(I66*C66)/$C$75 -> 0.5186941 | T66: =(J66*C66)/$C$75 -> 0.17601733 | U66: =(K66*C66)/$C$75 -> 0.32529785 | X66: =(F66*C66)/$C$202 -> 0.037342396 | Y66: =(G66*C66)/$C$202 -> 0.020247954 | Z66: =(H66*C66)/$C$202 -> 0.013286104 | AA66: =(I66*C66)/$C$202 -> 0.020058398 | AB66: =(J66*C66)/$C$202 -> 0.0068067589 | AC66: =(K66*C66)/$C$202 -> 0.01257958
A67: 3 | B67: D.I. Kaweden | C67: 69 | D67: Kab. Jombang, Kab. Mojokerto | E67: 35000047 | F67: 21.16 | G67: 13.72 | H67: 7.48 | I67: 11.22 | J67: 3.8 | K67: 7.23 | L67: =+SUM(F67:K67) -> 64.61 | M67: Penilaian prasarana fisik 2021 dan non prasarana fisik 2021 | P67: =(F67*C67)/$C$75 -> 0.22590747 | Q67: =(G67*C67)/$C$75 -> 0.14647687 | R67: =(H67*C67)/$C$75 -> 0.079857651 | S67: =(I67*C67)/$C$75 -> 0.11978648 | T67: =(J67*C67)/$C$75 -> 0.040569395 | U67: =(K67*C67)/$C$75 -> 0.077188612 | X67: =(F67*C67)/$C$202 -> 0.0087360586 | Y67: =(G67*C67)/$C$202 -> 0.0056644009 | Z67: =(H67*C67)/$C$202 -> 0.0030881719 | AA67: =(I67*C67)/$C$202 -> 0.0046322579 | AB67: =(J67*C67)/$C$202 -> 0.0015688574 | AC67: =(K67*C67)/$C$202 -> 0.0029849576
A68: 4 | B68: D.I. Mernung | C68: 661 | D68: Kab. Mojokerto, Kab. Jombang | E68: 35000048 | F68: 27.21 | G68: 10.97 | H68: 7.71 | I68: 11.27 | J68: 3.73 | K68: 7.53 | L68: =+SUM(F68:K68) -> 68.42 | M68: Penilaian prasarana fisik 2021 dan non prasarana fisik 2021 | P68: =(F68*C68)/$C$75 -> 2.7828888 | Q68: =(G68*C68)/$C$75 -> 1.1219511 | R68: =(H68*C68)/$C$75 -> 0.78853628 | S68: =(I68*C68)/$C$75 -> 1.1526335 | T68: =(J68*C68)/$C$75 -> 0.38148383 | U68: =(K68*C68)/$C$75 -> 0.77012688 | X68: =(F68*C68)/$C$202 -> 0.10761698 | Y68: =(G68*C68)/$C$202 -> 0.043386925 | Z68: =(H68*C68)/$C$202 -> 0.030493454 | AA68: =(I68*C68)/$C$202 -> 0.044573441 | AB68: =(J68*C68)/$C$202 -> 0.014752346 | AC68: =(K68*C68)/$C$202 -> 0.029781545
A69: 5 | B69: D.I. Subantoro | C69: 515 | D69: Kab./Kota Mojokerto | E69: 35000049 | F69: 28.99 | G69: 8.59 | H69: 6.15 | I69: 7.78 | J69: 2.9 | K69: 4.24 | L69: =+SUM(F69:K69) -> 58.65 | M69: Penilaian prasarana fisik 2020 dan non prasarana fisik 2020 | P69: =(F69*C69)/$C$75 -> 2.3100495 | Q69: =(G69*C69)/$C$75 -> 0.68448863 | R69: =(H69*C69)/$C$75 -> 0.4900588 | S69: =(I69*C69)/$C$75 -> 0.6199443 | T69: =(J69*C69)/$C$75 -> 0.23108464 | U69: =(K69*C69)/$C$75 -> 0.33786167 | X69: =(F69*C69)/$C$202 -> 0.089331829 | Y69: =(G69*C69)/$C$202 -> 0.026469832 | Z69: =(H69*C69)/$C$202 -> 0.018951044 | AA69: =(I69*C69)/$C$202 -> 0.02397384 | AB69: =(J69*C69)/$C$202 -> 0.0089362644 | AC69: =(K69*C69)/$C$202 -> 0.013065435
A70: 6 | B70: D.I. Sinoman | C70: 293 | D70: Kab./Kota Mojokerto | E70: 35000050 | F70: 29.84 | G70: 13.45 | H70: 5.7 | I70: 8.55 | J70: 3.88 | K70: 5.13 | L70: =+SUM(F70:K70) -> 66.55 | M70: Penilaian prasarana fisik 2020 dan non prasarana fisik 2020 | P70: =(F70*C70)/$C$75 -> 1.3527959 | Q70: =(G70*C70)/$C$75 -> 0.60975553 | R70: =(H70*C70)/$C$75 -> 0.25840941 | S70: =(I70*C70)/$C$75 -> 0.38761411 | T70: =(J70*C70)/$C$75 -> 0.17589974 | U70: =(K70*C70)/$C$75 -> 0.23256847 | X70: =(F70*C70)/$C$202 -> 0.052313915 | Y70: =(G70*C70)/$C$202 -> 0.023579831 | Z70: =(H70*C70)/$C$202 -> 0.0099929395 | AA70: =(I70*C70)/$C$202 -> 0.014989409 | AB70: =(J70*C70)/$C$202 -> 0.0068022115 | AC70: =(K70*C70)/$C$202 -> 0.0089936456
A71: 7 | B71: D.I. Penewon | C71: 971 | D71: Kab./Kota Mojokerto | E71: 35000051 | F71: 32.36 | G71: 11.79 | H71: 4.5 | I71: 6.74 | J71: 2.9 | K71: 3.8 | L71: =+SUM(F71:K71) -> 62.09 | M71: Penilaian prasarana fisik 2020 dan non prasarana fisik 2020 | P71: =(F71*C71)/$C$75 -> 4.8617608 | Q71: =(G71*C71)/$C$75 -> 1.7713276 | R71: =(H71*C71)/$C$75 -> 0.67607922 | S71: =(I71*C71)/$C$75 -> 1.0126164 | T71: =(J71*C71)/$C$75 -> 0.4356955 | U71: =(K71*C71)/$C$75 -> 0.57091134 | X71: =(F71*C71)/$C$202 -> 0.18800895 | Y71: =(G71*C71)/$C$202 -> 0.068498935 | Z71: =(H71*C71)/$C$202 -> 0.026144632 | AA71: =(I71*C71)/$C$202 -> 0.039158848 | AB71: =(J71*C71)/$C$202 -> 0.016848763 | AC71: =(K71*C71)/$C$202 -> 0.022077689
A72: 8 | B72: D.I. Jati Kulon | C72: 638 | D72: Kab./Kota Mojokerto | E72: 35000052 | F72: 30.12 | G72: 12.8 | H72: 7 | I72: 11.2 | J72: 3 | K72: 3.2 | L72: =+SUM(F72:K72) -> 67.32 | P72: =(F72*C72)/$C$75 -> 2.9733189 | Q72: =(G72*C72)/$C$75 -> 1.2635618 | R72: =(H72*C72)/$C$75 -> 0.69101037 | S72: =(I72*C72)/$C$75 -> 1.1056166 | T72: =(J72*C72)/$C$75 -> 0.2961473 | U72: =(K72*C72)/$C$75 -> 0.31589045 | X72: =(F72*C72)/$C$202 -> 0.11498109 | Y72: =(G72*C72)/$C$202 -> 0.048863147 | Z72: =(H72*C72)/$C$202 -> 0.026722033 | AA72: =(I72*C72)/$C$202 -> 0.042755253 | AB72: =(J72*C72)/$C$202 -> 0.0114523 | AC72: =(K72*C72)/$C$202 -> 0.012215787
A73: 9 | B73: D.I. Candi Limo | C73: 1911 | D73: Kab./Kota Mojokerto | E73: 35000053 | F73: 34 | G73: 12.5 | H73: 4.9 | I73: 8.1 | J73: 3.5 | K73: 4.44 | L73: =+SUM(F73:K73) -> 67.44 | M73: Penilaian prasarana fisik 2020 dan non prasarana fisik 2020 | P73: =(F73*C73)/$C$75 -> 10.053226 | Q73: =(G73*C73)/$C$75 -> 3.696039 | R73: =(H73*C73)/$C$75 -> 1.4488473 | S73: =(I73*C73)/$C$75 -> 2.3950333 | T73: =(J73*C73)/$C$75 -> 1.0348909 | U73: =(K73*C73)/$C$75 -> 1.312833 | X73: =(F73*C73)/$C$202 -> 0.38876789 | Y73: =(G73*C73)/$C$202 -> 0.14292937 | Z73: =(H73*C73)/$C$202 -> 0.056028314 | AA73: =(I73*C73)/$C$202 -> 0.092618233 | AB73: =(J73*C73)/$C$202 -> 0.040020224 | AC73: =(K73*C73)/$C$202 -> 0.050768513
A74: 10 | B74: D.I. Kromong II | C74: 1055 | D74: Kabupaten Mojokerto | E74: 35000112 | F74: 32.38 | G74: 14.96 | H74: 5 | I74: 9.7 | J74: 3 | K74: 4.36 | L74: =+SUM(F74:K74) -> 69.4 | M74: Penilaian prasarana fisik 2023 dan non prasarana fisik 2023 | P74: =(F74*C74)/$C$75 -> 5.2856104 | Q74: =(G74*C74)/$C$75 -> 2.4420238 | R74: =(H74*C74)/$C$75 -> 0.81618443 | S74: =(I74*C74)/$C$75 -> 1.5833978 | T74: =(J74*C74)/$C$75 -> 0.48971066 | U74: =(K74*C74)/$C$75 -> 0.71171283 | V74: IKSI | W74: IKJI | X74: =(F74*C74)/$C$202 -> 0.20439962 | Y74: =(G74*C74)/$C$202 -> 0.094435403 | Z74: =(H74*C74)/$C$202 -> 0.031562635 | AA74: =(I74*C74)/$C$202 -> 0.061231511 | AB74: =(J74*C74)/$C$202 -> 0.018937581 | AC74: =(K74*C74)/$C$202 -> 0.027522617
B75: TOTAL | C75: =SUM(C65:C74) -> 6463 | P75: =SUM(P65:P74) -> 31.013232 | Q75: =SUM(Q65:Q74) -> 12.382011 | R75: =SUM(R65:R74) -> 5.6659384 | S75: =SUM(S65:S74) -> 9.0046975 | T75: =SUM(T65:T74) -> 3.2987204 | U75: =SUM(U65:U74) -> 4.7280659 | V75: =SUM(P75:U75) -> 66.092666 | W75: =(P75/45)*100 -> 68.918294
A76: IV | B76: UPT PSDA WS Bengawan Solo
A77: 1 | B77: D.I. Rawa Jabung | C77: 2143 | D77: Kab. Lamongan, Kab. Tuban | E77: 35000073 | F77: 24.34 | G77: 7.5 | H77: 7 | I77: 11.27 | J77: 3.5 | K77: 7.54 | L77: =+SUM(F77:K77) -> 61.15 | M77: Penilaian prasarana fisik 2019 dan non prasarana fisik 2019 | P77: =(F77*C77)/$C$96 -> 1.8127062 | Q77: =(G77*C77)/$C$96 -> 0.55855778 | R77: =(H77*C77)/$C$96 -> 0.52132059 | S77: =(I77*C77)/$C$96 -> 0.83932615 | T77: =(J77*C77)/$C$96 -> 0.2606603 | U77: =(K77*C77)/$C$96 -> 0.56153675 | X77: =(F77*C77)/$C$202 -> 0.31209983 | Y77: =(G77*C77)/$C$202 -> 0.096168805 | Z77: =(H77*C77)/$C$202 -> 0.089757551 | AA77: =(I77*C77)/$C$202 -> 0.14450966 | AB77: =(J77*C77)/$C$202 -> 0.044878776 | AC77: =(K77*C77)/$C$202 -> 0.096681705
A78: 2 | B78: D.I. Kali Corong | C78: 2721 | D78: Kab. Gresik, Kab. Lamongan | E78: 35000074 | F78: 32.25 | G78: 13.42 | H78: 7.6 | I78: 11.57 | J78: 3.95 | K78: 6.8 | L78: =+SUM(F78:K78) -> 75.59 | M78: Penilaian prasarana fisik 2019 dan non prasarana fisik 2019 | P78: =(F78*C78)/$C$96 -> 3.0496003 | Q78: =(G78*C78)/$C$96 -> 1.269012 | R78: =(H78*C78)/$C$96 -> 0.71866551 | S78: =(I78*C78)/$C$96 -> 1.0940737 | T78: =(J78*C78)/$C$96 -> 0.37351694 | U78: =(K78*C78)/$C$96 -> 0.64301651 | X78: =(F78*C78)/$C$202 -> 0.52506013 | Y78: =(G78*C78)/$C$202 -> 0.21849014 | Z78: =(H78*C78)/$C$202 -> 0.1237351 | AA78: =(I78*C78)/$C$202 -> 0.18837041 | AB78: =(J78*C78)/$C$202 -> 0.064309691 | AC78: =(K78*C78)/$C$202 -> 0.11071035
A79: 3 | B79: D.I. Waduk Sumengko | C79: 1146 | D79: Kab. Gresik, Kab. Lamongan | E79: 35000075 | F79: 23.24 | G79: 13.67 | H79: 7 | I79: 10.5 | J79: 3.5 | K79: 7 | L79: =+SUM(F79:K79) -> 64.91 | M79: Penilaian prasarana fisik 2019 dan non prasarana fisik 2019 | P79: =(F79*C79)/$C$96 -> 0.92556177 | Q79: =(G79*C79)/$C$96 -> 0.54442467 | R79: =(H79*C79)/$C$96 -> 0.27878367 | S79: =(I79*C79)/$C$96 -> 0.4181755 | T79: =(J79*C79)/$C$96 -> 0.13939183 | U79: =(K79*C79)/$C$96 -> 0.27878367 | X79: =(F79*C79)/$C$202 -> 0.15935714 | Y79: =(G79*C79)/$C$202 -> 0.09373546 | Z79: =(H79*C79)/$C$202 -> 0.047999138 | AA79: =(I79*C79)/$C$202 -> 0.071998708 | AB79: =(J79*C79)/$C$202 -> 0.023999569 | AC79: =(K79*C79)/$C$202 -> 0.047999138
A80: 4 | B80: D.I. Wd. Leran | C80: 1144 | D80: Kabupaten Bojonegoro | E80: 35000132 | F80: 25.16 | G80: 13.3 | H80: 4.52 | I80: 10.22 | J80: 2.85 | K80: 3.5 | L80: =+SUM(F80:K80) -> 59.55 | M80: Penilaian prasarana fisik 2019 dan non prasarana fisik 2019 | P80: =(F80*C80)/$C$96 -> 1.0002794 | Q80: =(G80*C80)/$C$96 -> 0.52876455 | R80: =(H80*C80)/$C$96 -> 0.17970043 | S80: =(I80*C80)/$C$96 -> 0.40631381 | T80: =(J80*C80)/$C$96 -> 0.11330669 | U80: =(K80*C80)/$C$96 -> 0.13914857 | X80: =(F80*C80)/$C$202 -> 0.17222153 | Y80: =(G80*C80)/$C$202 -> 0.091039203 | Z80: =(H80*C80)/$C$202 -> 0.030939639 | AA80: =(I80*C80)/$C$202 -> 0.069956441 | AB80: =(J80*C80)/$C$202 -> 0.019508401 | AC80: =(K80*C80)/$C$202 -> 0.023957685
A81: 5 | B81: D.I. Pirang | C81: 1347 | D81: Kabupaten Bojonegoro | E81: 35000133 | F81: 26.61 | G81: 11.74 | H81: 7.21 | I81: 12.63 | J81: 3.5 | K81: 7 | L81: =+SUM(F81:K81) -> 68.69 | M81: Penilaian prasarana fisik 2020 dan non prasarana fisik 2019 | P81: =(F81*C81)/$C$96 -> 1.2456532 | Q81: =(G81*C81)/$C$96 -> 0.54956664 | R81: =(H81*C81)/$C$96 -> 0.33751069 | S81: =(I81*C81)/$C$96 -> 0.59122884 | T81: =(J81*C81)/$C$96 -> 0.16384014 | U81: =(K81*C81)/$C$96 -> 0.32768028 | X81: =(F81*C81)/$C$202 -> 0.21446837 | Y81: =(G81*C81)/$C$202 -> 0.09462077 | Z81: =(H81*C81)/$C$202 -> 0.05811037 | AA81: =(I81*C81)/$C$202 -> 0.10179389 | AB81: =(J81*C81)/$C$202 -> 0.028208918 | AC81: =(K81*C81)/$C$202 -> 0.056417835
A82: 6 | B82: D.I. Cawak | C82: 1733 | D82: Kabupaten Bojonegoro | E82: 35000134 | F82: 12.4 | G82: 13.37 | H82: 7.21 | I82: 12.51 | J82: 3.5 | K82: 7 | L82: =+SUM(F82:K82) -> 55.99 | M82: Penilaian prasarana fisik 2019 dan non prasarana fisik 2019 | P82: =(F82*C82)/$C$96 -> 0.74680104 | Q82: =(G82*C82)/$C$96 -> 0.80522016 | R82: =(H82*C82)/$C$96 -> 0.43422867 | S82: =(I82*C82)/$C$96 -> 0.75342589 | T82: =(J82*C82)/$C$96 -> 0.21079062 | U82: =(K82*C82)/$C$96 -> 0.42158123 | X82: =(F82*C82)/$C$202 -> 0.12857929 | Y82: =(G82*C82)/$C$202 -> 0.13863751 | Z82: =(H82*C82)/$C$202 -> 0.074762637 | AA82: =(I82*C82)/$C$202 -> 0.12971992 | AB82: =(J82*C82)/$C$202 -> 0.036292542 | AC82: =(K82*C82)/$C$202 -> 0.072585084
A83: 7 | B83: D.I. Maibit | C83: 1229 | D83: Kabupaten Tuban | E83: 35000135 | F83: 32.15 | G83: 9 | H83: 7.21 | I83: 12.63 | J83: 3.5 | K83: 4.43 | L83: =+SUM(F83:K83) -> 68.92 | M83: Penilaian prasarana fisik 2021 dan non prasarana fisik 2021 | P83: =(F83*C83)/$C$96 -> 1.3731486 | Q83: =(G83*C83)/$C$96 -> 0.38439618 | R83: =(H83*C83)/$C$96 -> 0.30794405 | S83: =(I83*C83)/$C$96 -> 0.53943597 | T83: =(J83*C83)/$C$96 -> 0.1494874 | U83: =(K83*C83)/$C$96 -> 0.18920834 | X83: =(F83*C83)/$C$202 -> 0.23641969 | Y83: =(G83*C83)/$C$202 -> 0.066182806 | Z83: =(H83*C83)/$C$202 -> 0.053019781 | AA83: =(I83*C83)/$C$202 -> 0.092876538 | AB83: =(J83*C83)/$C$202 -> 0.025737758 | AC83: =(K83*C83)/$C$202 -> 0.032576648
A84: 8 | B84: D.I. Nglirip | C84: 1292 | D84: Kabupaten Tuban | E84: 35000136 | F84: 28.93 | G84: 13.87 | H84: 8.9 | I84: 11.01 | J84: 3.5 | K84: 6.11 | L84: =+SUM(F84:K84) -> 72.32 | M84: Penilaian prasarana fisik 2021 dan non prasarana fisik 2021 | P84: =(F84*C84)/$C$96 -> 1.2989595 | Q84: =(G84*C84)/$C$96 -> 0.62276421 | R84: =(H84*C84)/$C$96 -> 0.39961077 | S84: =(I84*C84)/$C$96 -> 0.49434996 | T84: =(J84*C84)/$C$96 -> 0.1571503 | U84: =(K84*C84)/$C$96 -> 0.27433953 | X84: =(F84*C84)/$C$202 -> 0.22364631 | Y84: =(G84*C84)/$C$202 -> 0.10722345 | Z84: =(H84*C84)/$C$202 -> 0.068802355 | AA84: =(I84*C84)/$C$202 -> 0.085113925 | AB84: =(J84*C84)/$C$202 -> 0.027057106 | AC84: =(K84*C84)/$C$202 -> 0.047233976
A85: 9 | B85: D.I. Merak Urak | C85: 1475 | D85: Kabupaten Tuban | E85: 35000137 | F85: 16.59 | G85: 10.16 | H85: 4.51 | I85: 11.25 | J85: 3.2 | K85: 3.2 | L85: =+SUM(F85:K85) -> 48.91 | M85: Penilaian prasarana fisik 2019 dan non prasarana fisik 2019 | P85: =(F85*C85)/$C$96 -> 0.85039965 | Q85: =(G85*C85)/$C$96 -> 0.5207993 | R85: =(H85*C85)/$C$96 -> 0.23118158 | S85: =(I85*C85)/$C$96 -> 0.57667246 | T85: =(J85*C85)/$C$96 -> 0.16403128 | U85: =(K85*C85)/$C$96 -> 0.16403128 | X85: =(F85*C85)/$C$202 -> 0.14641622 | Y85: =(G85*C85)/$C$202 -> 0.0896678 | Z85: =(H85*C85)/$C$202 -> 0.039803324 | AA85: =(I85*C85)/$C$202 -> 0.099287672 | AB85: =(J85*C85)/$C$202 -> 0.028241827 | AC85: =(K85*C85)/$C$202 -> 0.028241827
A86: 10 | B86: D.I. Kening | C86: 2522 | D86: Kabupaten Tuban | E86: 35000195 | F86: 34.27 | G86: 12.25 | H86: 4.9 | I86: 8.1 | J86: 3.65 | K86: 4.96 | L86: =+SUM(F86:K86) -> 68.13 | M86: Penilaian prasarana fisik 2019 dan non prasarana fisik 2019 | P86: =(F86*C86)/$C$96 -> 3.0036122 | Q86: =(G86*C86)/$C$96 -> 1.0736577 | R86: =(H86*C86)/$C$96 -> 0.42946308 | S86: =(I86*C86)/$C$96 -> 0.70992876 | T86: =(J86*C86)/$C$96 -> 0.31990617 | U86: =(K86*C86)/$C$96 -> 0.43472181 | X86: =(F86*C86)/$C$202 -> 0.51714219 | Y86: =(G86*C86)/$C$202 -> 0.18485532 | Z86: =(H86*C86)/$C$202 -> 0.073942128 | AA86: =(I86*C86)/$C$202 -> 0.12223086 | AB86: =(J86*C86)/$C$202 -> 0.05507934 | AC86: =(K86*C86)/$C$202 -> 0.074847542
A87: 11 | B87: D.I. Wd. Rande | C87: 1044 | D87: Kabupaten Lamongan | E87: 35000139 | F87: 20.72 | G87: 10.77 | H87: 8.5 | I87: 12.31 | J87: 4.25 | K87: 7.4 | L87: =+SUM(F87:K87) -> 63.95 | M87: Penilaian prasarana fisik 2019 dan non prasarana fisik 2019 | P87: =(F87*C87)/$C$96 -> 0.75175256 | Q87: =(G87*C87)/$C$96 -> 0.39075169 | R87: =(H87*C87)/$C$96 -> 0.3083927 | S87: =(I87*C87)/$C$96 -> 0.4466252 | T87: =(J87*C87)/$C$96 -> 0.15419635 | U87: =(K87*C87)/$C$96 -> 0.26848306 | X87: =(F87*C87)/$C$202 -> 0.12943181 | Y87: =(G87*C87)/$C$202 -> 0.067277057 | Z87: =(H87*C87)/$C$202 -> 0.053097027 | AA87: =(I87*C87)/$C$202 -> 0.076896989 | AB87: =(J87*C87)/$C$202 -> 0.026548514 | AC87: =(K87*C87)/$C$202 -> 0.046225647
A88: 12 | B88: D.I. P. Kaligerman | C88: 1120 | D88: Kabupaten Lamongan | E88: 35000140 | F88: 14.86 | G88: 14.29 | H88: 4.71 | I88: 10.47 | J88: 2.5 | K88: 4.5 | L88: =+SUM(F88:K88) -> 51.33 | M88: Penilaian prasarana fisik 2023 dan non prasarana fisik 2023 | P88: =(F88*C88)/$C$96 -> 0.57839096 | Q88: =(G88*C88)/$C$96 -> 0.55620504 | R88: =(H88*C88)/$C$96 -> 0.1833258 | S88: =(I88*C88)/$C$96 -> 0.40752042 | T88: =(J88*C88)/$C$96 -> 0.09730669 | U88: =(K88*C88)/$C$96 -> 0.17515204 | X88: =(F88*C88)/$C$202 -> 0.099583553 | Y88: =(G88*C88)/$C$202 -> 0.095763726 | Z88: =(H88*C88)/$C$202 -> 0.031563831 | AA88: =(I88*C88)/$C$202 -> 0.070164186 | AB88: =(J88*C88)/$C$202 -> 0.016753626 | AC88: =(K88*C88)/$C$202 -> 0.030156527
A89: 13 | B89: D.I.P. Butungan | C89: 1185 | D89: Kabupaten Lamongan | E89: 35000141 | F89: 26 | G89: 8.3 | H89: 6.5 | I89: 8 | J89: 3 | K89: 6 | L89: =+SUM(F89:K89) -> 57.8 | P89: =(F89*C89)/$C$96 -> 1.0707211 | Q89: =(G89*C89)/$C$96 -> 0.34180712 | R89: =(H89*C89)/$C$96 -> 0.26768028 | S89: =(I89*C89)/$C$96 -> 0.32945265 | T89: =(J89*C89)/$C$96 -> 0.12354474 | U89: =(K89*C89)/$C$96 -> 0.24708949 | X89: =(F89*C89)/$C$202 -> 0.18434972 | Y89: =(G89*C89)/$C$202 -> 0.058850103 | Z89: =(H89*C89)/$C$202 -> 0.04608743 | AA89: =(I89*C89)/$C$202 -> 0.056722991 | AB89: =(J89*C89)/$C$202 -> 0.021271122 | AC89: =(K89*C89)/$C$202 -> 0.042542243
A90: 14 | B90: D.I. Rawa Cungkup | C90: 1274 | D90: Kabupaten Lamongan | E90: 35000142 | F90: 30.14 | G90: 10.42 | H90: 7 | I90: 10.5 | J90: 3.5 | K90: 7.23 | L90: =+SUM(F90:K90) -> 68.79 | M90: Penilaian prasarana fisik 2022 dan non prasarana fisik 2022 | P90: =(F90*C90)/$C$96 -> 1.3344348 | Q90: =(G90*C90)/$C$96 -> 0.46134075 | R90: =(H90*C90)/$C$96 -> 0.30992181 | S90: =(I90*C90)/$C$96 -> 0.46488271 | T90: =(J90*C90)/$C$96 -> 0.1549609 | U90: =(K90*C90)/$C$96 -> 0.32010495 | X90: =(F90*C90)/$C$202 -> 0.2297542 | Y90: =(G90*C90)/$C$202 -> 0.079430616 | Z90: =(H90*C90)/$C$202 -> 0.053360299 | AA90: =(I90*C90)/$C$202 -> 0.080040448 | AB90: =(J90*C90)/$C$202 -> 0.026680149 | AC90: =(K90*C90)/$C$202 -> 0.055113566
A91: 15 | B91: D.I. Rawa Semando | C91: 1661 | D91: Kabupaten Lamongan | E91: 35000143 | F91: 31.54 | G91: 10 | H91: 7 | I91: 10.5 | J91: 3.5 | K91: 6.4 | L91: =+SUM(F91:K91) -> 68.94 | M91: Penilaian prasarana fisik 2022 dan non prasarana fisik 2022 | P91: =(F91*C91)/$C$96 -> 1.8206061 | Q91: =(G91*C91)/$C$96 -> 0.57723719 | R91: =(H91*C91)/$C$96 -> 0.40406603 | S91: =(I91*C91)/$C$96 -> 0.60609904 | T91: =(J91*C91)/$C$96 -> 0.20203301 | U91: =(K91*C91)/$C$96 -> 0.3694318 | X91: =(F91*C91)/$C$202 -> 0.31345998 | Y91: =(G91*C91)/$C$202 -> 0.099384903 | Z91: =(H91*C91)/$C$202 -> 0.069569432 | AA91: =(I91*C91)/$C$202 -> 0.10435415 | AB91: =(J91*C91)/$C$202 -> 0.034784716 | AC91: =(K91*C91)/$C$202 -> 0.063606338
A92: 16 | B92: D.I. Rawa Sekaran | C92: 1779 | D92: Kabupaten Lamongan | E92: 35000144 | F92: 14.54 | G92: 9.68 | H92: 7 | I92: 11.31 | J92: 3.5 | K92: 7.23 | L92: =+SUM(F92:K92) -> 53.26 | M92: Penilaian prasarana fisik 2019 dan non prasarana fisik 2019 | P92: =(F92*C92)/$C$96 -> 0.89892824 | Q92: =(G92*C92)/$C$96 -> 0.59846116 | R92: =(H92*C92)/$C$96 -> 0.4327715 | S92: =(I92*C92)/$C$96 -> 0.6992351 | T92: =(J92*C92)/$C$96 -> 0.21638575 | U92: =(K92*C92)/$C$96 -> 0.44699114 | X92: =(F92*C92)/$C$202 -> 0.15477155 | Y92: =(G92*C92)/$C$202 -> 0.10303911 | Z92: =(H92*C92)/$C$202 -> 0.074511751 | AA92: =(I92*C92)/$C$202 -> 0.1203897 | AB92: =(J92*C92)/$C$202 -> 0.037255876 | AC92: =(K92*C92)/$C$202 -> 0.076959995
A93: 17 | B93: D.I. Wd. Gogor | C93: 1054 | D93: Kabupaten Gresik | E93: 35000145 | F93: 13.04 | G93: 6.95 | H93: 7 | I93: 9.8 | J93: 3.5 | K93: 4.2 | L93: =+SUM(F93:K93) -> 44.49 | P93: =(F93*C93)/$C$96 -> 0.4776424 | Q93: =(G93*C93)/$C$96 -> 0.25457168 | R93: =(H93*C93)/$C$96 -> 0.25640313 | S93: =(I93*C93)/$C$96 -> 0.35896438 | T93: =(J93*C93)/$C$96 -> 0.12820156 | U93: =(K93*C93)/$C$96 -> 0.15384188 | X93: =(F93*C93)/$C$202 -> 0.082237327 | Y93: =(G93*C93)/$C$202 -> 0.043830477 | Z93: =(H93*C93)/$C$202 -> 0.044145804 | AA93: =(I93*C93)/$C$202 -> 0.061804126 | AB93: =(J93*C93)/$C$202 -> 0.022072902 | AC93: =(K93*C93)/$C$202 -> 0.026487483
A94: 18 | B94: D.I. Kali Wadak | C94: 1476 | D94: Kabupaten Gresik | E94: 35000147 | F94: 12.06 | G94: 12.97 | H94: 7.51 | I94: 10.4 | J94: 3.58 | K94: 3.2 | L94: =+SUM(F94:K94) -> 49.72 | P94: =(F94*C94)/$C$96 -> 0.61861199 | Q94: =(G94*C94)/$C$96 -> 0.66529001 | R94: =(H94*C94)/$C$96 -> 0.38522189 | S94: =(I94*C94)/$C$96 -> 0.53346308 | T94: =(J94*C94)/$C$96 -> 0.1836344 | U94: =(K94*C94)/$C$96 -> 0.16414248 | X94: =(F94*C94)/$C$202 -> 0.10650854 | Y94: =(G94*C94)/$C$202 -> 0.11454526 | Z94: =(H94*C94)/$C$202 -> 0.066324972 | AA94: =(I94*C94)/$C$202 -> 0.091848164 | AB94: =(J94*C94)/$C$202 -> 0.031616964 | AC94: =(K94*C94)/$C$202 -> 0.028260974
A95: 19 | B95: D.I. Wd. Lowayu | C95: 1430 | D95: Kabupaten Gresik | E95: 35000148 | F95: 19.53 | G95: 13.74 | H95: 7.51 | I95: 10.09 | J95: 3.2 | K95: 5 | L95: =+SUM(F95:K95) -> 59.07 | P95: =(F95*C95)/$C$96 -> 0.97056125 | Q95: =(G95*C95)/$C$96 -> 0.68282189 | R95: =(H95*C95)/$C$96 -> 0.37321633 | S95: =(I95*C95)/$C$96 -> 0.5014318 | T95: =(J95*C95)/$C$96 -> 0.15902693 | U95: =(K95*C95)/$C$96 -> 0.24847958 | V95: IKSI | W95: IKJI | X95: =(F95*C95)/$C$202 -> 0.16710485 | Y95: =(G95*C95)/$C$202 -> 0.11756378 | Z95: =(H95*C95)/$C$202 -> 0.064257934 | AA95: =(I95*C95)/$C$202 -> 0.08633323 | AB95: =(J95*C95)/$C$202 -> 0.027380212 | AC95: =(K95*C95)/$C$202 -> 0.042781581
B96: TOTAL | C96: =SUM(C77:C95) -> 28775 | P96: =SUM(P77:P95) -> 23.828371 | Q96: =SUM(Q77:Q95) -> 11.38565 | R96: =SUM(R77:R95) -> 6.7594085 | S96: =SUM(S77:S95) -> 10.770605 | T96: =SUM(T77:T95) -> 3.471372 | U96: =SUM(U77:U95) -> 5.8277644 | V96: =SUM(P96:U96) -> 62.043171 | W96: =(P96/45)*100 -> 52.951936
A97: V | B97: UPT PSDA WS Bengawan Solo (Korwil Madiun) | L97: =+SUM(F97:K97) -> 0
A98: 1 | B98: D.I. Cau | C98: 1232 | D98: Kab./Kota Madiun | E98: 35000055 | F98: 27.63 | G98: 11.6 | H98: 3.5 | I98: 4.5 | J98: 3.5 | K98: 3.2 | L98: =+SUM(F98:K98) -> 53.93 | M98: Penilaian prasarana fisik 2020 dan non prasarana fisik 2019 | P98: =(F98*C98)/$C$137 -> 0.87750464 | Q98: =(G98*C98)/$C$137 -> 0.36840586 | R98: =(H98*C98)/$C$137 -> 0.11115694 | S98: =(I98*C98)/$C$137 -> 0.14291607 | T98: =(J98*C98)/$C$137 -> 0.11115694 | U98: =(K98*C98)/$C$137 -> 0.1016292 | X98: =(F98*C98)/$C$202 -> 0.20367718 | Y98: =(G98*C98)/$C$202 -> 0.085510507 | Z98: =(H98*C98)/$C$202 -> 0.025800584 | AA98: =(I98*C98)/$C$202 -> 0.033172179 | AB98: =(J98*C98)/$C$202 -> 0.025800584 | AC98: =(K98*C98)/$C$202 -> 0.023589105 | AF98: 2020 | AG98: 9,32
A99: 2 | B99: D.I. Brangkal Bawah | C99: 1155 | D99: Kab./Kota Madiun | E99: 35000056 | F99: 30.33 | G99: 11.34 | H99: 5.2 | I99: 9.8 | J99: 3.58 | K99: 5.56 | L99: =+SUM(F99:K99) -> 65.81 | M99: Penilaian prasarana fisik 2023 dan non prasarana fisik 2023 | P99: =(F99*C99)/$C$137 -> 0.90305089 | Q99: =(G99*C99)/$C$137 -> 0.3376392 | R99: =(H99*C99)/$C$137 -> 0.15482574 | S99: =(I99*C99)/$C$137 -> 0.29178697 | T99: =(J99*C99)/$C$137 -> 0.10659157 | U99: =(K99*C99)/$C$137 -> 0.16554444 | X99: =(F99*C99)/$C$202 -> 0.20960671 | Y99: =(G99*C99)/$C$202 -> 0.078369274 | Z99: =(H99*C99)/$C$202 -> 0.035936528 | AA99: =(I99*C99)/$C$202 -> 0.067726533 | AB99: =(J99*C99)/$C$202 -> 0.024740917 | AC99: =(K99*C99)/$C$202 -> 0.038424441 | AF99: 2025 | AG99: 11,86
A100: 3 | B100: D.I. Blodro | C100: 422 | D100: Kab./Kota Madiun | E100: 35000057 | F100: 22.5 | G100: 6.85 | H100: 5.08 | I100: 9.08 | J100: 3.65 | K100: 7.6 | L100: =+SUM(F100:K100) -> 54.76 | M100: Penilaian prasarana fisik 2019 dan non prasarana fisik 2019 | P100: =(F100*C100)/$C$137 -> 0.24476696 | Q100: =(G100*C100)/$C$137 -> 0.074517942 | R100: =(H100*C100)/$C$137 -> 0.055262941 | S100: =(I100*C100)/$C$137 -> 0.098777067 | T100: =(J100*C100)/$C$137 -> 0.039706641 | U100: =(K100*C100)/$C$137 -> 0.082676841 | X100: =(F100*C100)/$C$202 -> 0.056812742 | Y100: =(G100*C100)/$C$202 -> 0.017296324 | Z100: =(H100*C100)/$C$202 -> 0.012827055 | AA100: =(I100*C100)/$C$202 -> 0.022927098 | AB100: =(J100*C100)/$C$202 -> 0.0092162893 | AC100: =(K100*C100)/$C$202 -> 0.019190082 | AF100: 2023 | AG100: 7,38
A101: 4 | B101: D.I. Piring I | C101: 194 | D101: Kab./Kota Madiun | E101: 35000058 | F101: 32.48 | G101: 10.26 | H101: 5.6 | I101: 9.22 | J101: 3.5 | K101: 5.8 | L101: =+SUM(F101:K101) -> 66.86 | M101: Penilaian prasarana fisik 2021 dan non prasarana fisik 2021 | P101: =(F101*C101)/$C$137 -> 0.16243349 | Q101: =(G101*C101)/$C$137 -> 0.05131058 | R101: =(H101*C101)/$C$137 -> 0.028005774 | S101: =(I101*C101)/$C$137 -> 0.046109507 | T101: =(J101*C101)/$C$137 -> 0.017503609 | U101: =(K101*C101)/$C$137 -> 0.029005981 | X101: =(F101*C101)/$C$202 -> 0.03770236 | Y101: =(G101*C101)/$C$202 -> 0.011909674 | Z101: =(H101*C101)/$C$202 -> 0.0065004069 | AA101: =(I101*C101)/$C$202 -> 0.010702456 | AB101: =(J101*C101)/$C$202 -> 0.0040627543 | AC101: =(K101*C101)/$C$202 -> 0.0067325643 | AF101: 2023 | AG101: 11,05
A102: 5 | B102: D.I. Sono | C102: 684 | D102: Kab./Kota Madiun | E102: 35000059 | F102: 32.55 | G102: 12.16 | H102: 5.14 | I102: 7.1 | J102: 3.2 | K102: 6.64 | L102: =+SUM(F102:K102) -> 66.79 | M102: Penilaian prasarana fisik 2022 dan non prasarana fisik 2022 | P102: =(F102*C102)/$C$137 -> 0.57393793 | Q102: =(G102*C102)/$C$137 -> 0.21441122 | R102: =(H102*C102)/$C$137 -> 0.090631058 | S102: =(I102*C102)/$C$137 -> 0.12519076 | T102: =(J102*C102)/$C$137 -> 0.056424005 | U102: =(K102*C102)/$C$137 -> 0.11707981 | X102: =(F102*C102)/$C$202 -> 0.13321646 | Y102: =(G102*C102)/$C$202 -> 0.049766885 | Z102: =(H102*C102)/$C$202 -> 0.021036331 | AA102: =(I102*C102)/$C$202 -> 0.029057968 | AB102: =(J102*C102)/$C$202 -> 0.013096549 | AC102: =(K102*C102)/$C$202 -> 0.027175339 | AF102: 2022 | AG102: 6,91
A103: 6 | B103: D.I. Trate | C103: 461 | D103: Kab./Kota Madiun | E103: 35000060 | F103: 29.73 | G103: 10.18 | H103: 7.71 | I103: 10.25 | J103: 3.5 | K103: 7.15 | L103: =+SUM(F103:K103) -> 68.52 | M103: Penilaian prasarana fisik 2019 dan non prasarana fisik 2019 | P103: =(F103*C103)/$C$137 -> 0.35330816 | Q103: =(G103*C103)/$C$137 -> 0.12097804 | R103: =(H103*C103)/$C$137 -> 0.09162482 | S103: =(I103*C103)/$C$137 -> 0.12180991 | T103: =(J103*C103)/$C$137 -> 0.041593628 | U103: =(K103*C103)/$C$137 -> 0.084969839 | X103: =(F103*C103)/$C$202 -> 0.082006187 | Y103: =(G103*C103)/$C$202 -> 0.028080154 | Z103: =(H103*C103)/$C$202 -> 0.021266993 | AA103: =(I103*C103)/$C$202 -> 0.02827324 | AB103: =(J103*C103)/$C$202 -> 0.009654277 | AC103: =(K103*C103)/$C$202 -> 0.019722309 | AF103: 2019 | AG103: 9,98
A104: 7 | B104: D.I. Mojopurno | C104: 50 | D104: Kab./Kota Madiun | E104: 35000197 | F104: 12.03 | G104: 10 | H104: 6.8 | I104: 11.39 | J104: 3.4 | K104: 4.97 | L104: =+SUM(F104:K104) -> 48.59 | M104: Penilaian prasarana fisik 2019 dan non prasarana fisik 2019 | P104: =(F104*C104)/$C$137 -> 0.015505774 | Q104: =(G104*C104)/$C$137 -> 0.012889256 | R104: =(H104*C104)/$C$137 -> 0.0087646938 | S104: =(I104*C104)/$C$137 -> 0.014680862 | T104: =(J104*C104)/$C$137 -> 0.0043823469 | U104: =(K104*C104)/$C$137 -> 0.00640596 | X104: =(F104*C104)/$C$202 -> 0.0035990379 | Y104: =(G104*C104)/$C$202 -> 0.0029917189 | Z104: =(H104*C104)/$C$202 -> 0.0020343689 | AA104: =(I104*C104)/$C$202 -> 0.0034075679 | AB104: =(J104*C104)/$C$202 -> 0.0010171844 | AC104: =(K104*C104)/$C$202 -> 0.0014868843 | AF104: 2019 | AG104: 4,13
A105: 8 | B105: D.I. Kedungrejo | C105: 1554 | D105: Kab. Madiun, Kab. Ngawi | E105: 35000061 | F105: 32.68 | G105: 10.13 | H105: 7.69 | I105: 11.18 | J105: 3.5 | K105: 8.28 | L105: =+SUM(F105:K105) -> 73.46 | M105: Penilaian prasarana fisik 2019 dan non prasarana fisik 2019 | P105: =(F105*C105)/$C$137 -> 1.3091545 | Q105: =(G105*C105)/$C$137 -> 0.40580584 | R105: =(H105*C105)/$C$137 -> 0.30805991 | S105: =(I105*C105)/$C$137 -> 0.44786863 | T105: =(J105*C105)/$C$137 -> 0.14020932 | U105: =(K105*C105)/$C$137 -> 0.33169519 | X105: =(F105*C105)/$C$202 -> 0.30386722 | Y105: =(G105*C105)/$C$202 -> 0.094191398 | Z105: =(H105*C105)/$C$202 -> 0.071503638 | AA105: =(I105*C105)/$C$202 -> 0.10395457 | AB105: =(J105*C105)/$C$202 -> 0.032543918 | AC105: =(K105*C105)/$C$202 -> 0.076989613 | AF105: 2023 | AG105: 10,13
A106: 9 | B106: D.I. Gandongkerik | C106: 745 | D106: Kab. Madiun, Kab. Magetan | E106: 35000062 | F106: 28.63 | G106: 10.16 | H106: 5.34 | I106: 11.53 | J106: 4.1 | K106: 7 | L106: =+SUM(F106:K106) -> 66.76 | M106: Penilaian prasarana fisik 2022 dan non prasarana fisik 2022 | P106: =(F106*C106)/$C$137 -> 0.54983888 | Q106: =(G106*C106)/$C$137 -> 0.19512271 | R106: =(H106*C106)/$C$137 -> 0.10255465 | S106: =(I106*C106)/$C$137 -> 0.22143354 | T106: =(J106*C106)/$C$137 -> 0.078740462 | U106: =(K106*C106)/$C$137 -> 0.13443494 | X106: =(F106*C106)/$C$202 -> 0.12762284 | Y106: =(G106*C106)/$C$202 -> 0.045289838 | Z106: =(H106*C106)/$C$202 -> 0.023803911 | AA106: =(I106*C106)/$C$202 -> 0.051396834 | AB106: =(J106*C106)/$C$202 -> 0.018276411 | AC106: =(K106*C106)/$C$202 -> 0.031203628 | AF106: 2022 | AG106: 10,82
A107: 10 | B107: D.I. Margopadang | C107: 230 | D107: Kab. Magetan, Kab. Ponorogo | E107: 35000063 | F107: 26.37 | G107: 13.38 | H107: 4.5 | I107: 12.11 | J107: 4.25 | K107: 7.38 | L107: =+SUM(F107:K107) -> 67.99 | M107: Penilaian prasarana fisik 2022 dan non prasarana fisik 2022 | P107: =(F107*C107)/$C$137 -> 0.15634925 | Q107: =(G107*C107)/$C$137 -> 0.07933079 | R107: =(H107*C107)/$C$137 -> 0.026680759 | S107: =(I107*C107)/$C$137 -> 0.071800887 | T107: =(J107*C107)/$C$137 -> 0.025198495 | U107: =(K107*C107)/$C$137 -> 0.043756445 | X107: =(F107*C107)/$C$202 -> 0.036290149 | Y107: =(G107*C107)/$C$202 -> 0.018413432 | Z107: =(H107*C107)/$C$202 -> 0.0061928582 | AA107: =(I107*C107)/$C$202 -> 0.016665669 | AB107: =(J107*C107)/$C$202 -> 0.0058488105 | AC107: =(K107*C107)/$C$202 -> 0.010156287 | AF107: 2022 | AG107: 9,52
A108: 11 | B108: D.I. Turi | C108: 367 | D108: Kab. Magetan, Kab. Ngawi | E108: 35000064 | F108: 20.94 | G108: 11.4 | H108: 7 | I108: 12.63 | J108: 3.5 | K108: 3.2 | L108: =+SUM(F108:K108) -> 58.67 | M108: Penilaian prasarana fisik 2019 dan non prasarana fisik 2019 | P108: =(F108*C108)/$C$137 -> 0.19810734 | Q108: =(G108*C108)/$C$137 -> 0.10785213 | R108: =(H108*C108)/$C$137 -> 0.066224995 | S108: =(I108*C108)/$C$137 -> 0.11948881 | T108: =(J108*C108)/$C$137 -> 0.033112497 | U108: =(K108*C108)/$C$137 -> 0.030274283 | X108: =(F108*C108)/$C$202 -> 0.0459826 | Y108: =(G108*C108)/$C$202 -> 0.025033507 | Z108: =(H108*C108)/$C$202 -> 0.015371452 | AA108: =(I108*C108)/$C$202 -> 0.027734491 | AB108: =(J108*C108)/$C$202 -> 0.0076857259 | AC108: =(K108*C108)/$C$202 -> 0.0070269494 | AF108: 2019 | AG108: 8,44
A109: 12 | B109: D.I. Dung Timun | C109: 215 | D109: Kab. Magetan, Kab. Ngawi | E109: 35000065 | F109: 24.17 | G109: 5.95 | H109: 7 | I109: 12.27 | J109: 3.5 | K109: 7 | L109: =+SUM(F109:K109) -> 59.89 | M109: Penilaian prasarana fisik 2019 dan non prasarana fisik 2019 | P109: =(F109*C109)/$C$137 -> 0.13395932 | Q109: =(G109*C109)/$C$137 -> 0.03297716 | R109: =(H109*C109)/$C$137 -> 0.038796659 | S109: =(I109*C109)/$C$137 -> 0.068005001 | T109: =(J109*C109)/$C$137 -> 0.01939833 | U109: =(K109*C109)/$C$137 -> 0.038796659 | X109: =(F109*C109)/$C$202 -> 0.031093234 | Y109: =(G109*C109)/$C$202 -> 0.0076543129 | Z109: =(H109*C109)/$C$202 -> 0.009005074 | AA109: =(I109*C109)/$C$202 -> 0.015784608 | AB109: =(J109*C109)/$C$202 -> 0.004502537 | AC109: =(K109*C109)/$C$202 -> 0.009005074 | AF109: 2025 | AG109: 9,88
... A115: 18 | B115: D.I. Jabung | C115: 13 | D115: Kab. Ngawi, Kab. Magetan | E115: 35000071 | F115: 24.34 | G115: 14.25 | H115: 7.08 | I115: 12.63 | J115: 3.5 | K115: 7 | L115: =+SUM(F115:K115) -> 68.8 | M115: Penilaian prasarana fisik 2019 dan non prasarana fisik 2019 | P115: =(F115*C115)/$C$137 -> 0.0081568365 | Q115: =(G115*C115)/$C$137 -> 0.0047754692 | R115: =(H115*C115)/$C$137 -> 0.0023726542 | S115: =(I115*C115)/$C$137 -> 0.0042325737 | T115: =(J115*C115)/$C$137 -> 0.0011729223 | U115: =(K115*C115)/$C$137 -> 0.0023458445 | X115: =(F115*C115)/$C$202 -> 0.0018932794 | Y115: =(G115*C115)/$C$202 -> 0.0011084319 | Z115: =(H115*C115)/$C$202 -> 0.00055071562 | AA115: =(I115*C115)/$C$202 -> 0.00098242066 | AB115: =(J115*C115)/$C$202 -> 0.00027224642 | AC115: =(K115*C115)/$C$202 -> 0.00054449284 | AF115: 2025 | AG115: 11,07
A116: 19 | B116: D.I. Kalongan | C116: 20 | D116: Kab. Magetan, Kab. Ngawi | E116: 35000198 | F116: 28 | G116: 10 | H116: 4.5 | I116: 7.5 | J116: 2.5 | K116: 5 | L116: =+SUM(F116:K116) -> 57.5 | P116: =(F116*C116)/$C$137 -> 0.014435966 | Q116: =(G116*C116)/$C$137 -> 0.0051557022 | R116: =(H116*C116)/$C$137 -> 0.002320066 | S116: =(I116*C116)/$C$137 -> 0.0038667767 | T116: =(J116*C116)/$C$137 -> 0.0012889256 | U116: =(K116*C116)/$C$137 -> 0.0025778511 | X116: =(F116*C116)/$C$202 -> 0.0033507252 | Y116: =(G116*C116)/$C$202 -> 0.0011966876 | Z116: =(H116*C116)/$C$202 -> 0.00053850941 | AA116: =(I116*C116)/$C$202 -> 0.00089751568 | AB116: =(J116*C116)/$C$202 -> 0.00029917189 | AC116: =(K116*C116)/$C$202 -> 0.00059834378
A117: 20 | B117: D.I. Galok Atas/Soponyono | C117: 54 | D117: Kab. Magetan, Kab. Ponorogo | E117: 35000199 | F117: 24.64 | G117: 13.4 | H117: 4.28 | I117: 10.3 | J117: 4.25 | K117: 7 | L117: =+SUM(F117:K117) -> 63.87 | M117: Penilaian prasarana fisik 2022 dan non prasarana fisik 2022 | P117: =(F117*C117)/$C$137 -> 0.034299856 | Q117: =(G117*C117)/$C$137 -> 0.018653331 | R117: =(H117*C117)/$C$137 -> 0.0059579295 | S117: =(I117*C117)/$C$137 -> 0.014338008 | T117: =(J117*C117)/$C$137 -> 0.0059161683 | U117: =(K117*C117)/$C$137 -> 0.0097442772 | X117: =(F117*C117)/$C$202 -> 0.0079613231 | Y117: =(G117*C117)/$C$202 -> 0.0043296156 | Z117: =(H117*C117)/$C$202 -> 0.0013828922 | AA117: =(I117*C117)/$C$202 -> 0.0033279881 | AB117: =(J117*C117)/$C$202 -> 0.001373199 | AC117: =(K117*C117)/$C$202 -> 0.0022617395 | AF117: 2022 | AG117: 8,67
A118: 21 | B118: D.I. Sewu | C118: 1332 | D118: Kabupaten Madiun | E118: 35000113 | F118: 23.17 | G118: 11.2 | H118: 6.48 | I118: 11.18 | J118: 4.03 | K118: 8.05 | L118: =+SUM(F118:K118) -> 64.11 | M118: Penilaian prasarana fisik 2019 dan non prasarana fisik 2019 | P118: =(F118*C118)/$C$137 -> 0.79558775 | Q118: =(G118*C118)/$C$137 -> 0.38457414 | R118: =(H118*C118)/$C$137 -> 0.22250361 | S118: =(I118*C118)/$C$137 -> 0.3838874 | T118: =(J118*C118)/$C$137 -> 0.13837802 | U118: =(K118*C118)/$C$137 -> 0.27641266 | X118: =(F118*C118)/$C$202 -> 0.18466349 | Y118: =(G118*C118)/$C$202 -> 0.089263319 | Z118: =(H118*C118)/$C$202 -> 0.051645206 | AA118: =(I118*C118)/$C$202 -> 0.08910392 | AB118: =(J118*C118)/$C$202 -> 0.032118855 | AC118: =(K118*C118)/$C$202 -> 0.064158011 | AF118: 2023 | AG118: 7,56
A119: 22 | B119: D.I. Bedilan | C119: 1058 | D119: Kabupaten Madiun | E119: 35000114 | F119: 29.15 | G119: 14.34 | H119: 8.63 | I119: 10.92 | J119: 4.03 | K119: 8.35 | L119: =+SUM(F119:K119) -> 75.42 | M119: Penilaian prasarana fisik 2022 dan non prasarana fisik 2022 | P119: =(F119*C119)/$C$137 -> 0.79502733 | Q119: =(G119*C119)/$C$137 -> 0.39110435 | R119: =(H119*C119)/$C$137 -> 0.23537173 | S119: =(I119*C119)/$C$137 -> 0.29782842 | T119: =(J119*C119)/$C$137 -> 0.10991287 | U119: =(K119*C119)/$C$137 -> 0.2277351 | X119: =(F119*C119)/$C$202 -> 0.18453341 | Y119: =(G119*C119)/$C$202 -> 0.090779044 | Z119: =(H119*C119)/$C$202 -> 0.054632019 | AA119: =(I119*C119)/$C$202 -> 0.069128811 | AB119: =(J119*C119)/$C$202 -> 0.025511823 | AC119: =(K119*C119)/$C$202 -> 0.052859485 | AF119: 2025 | AG119: 10,22
...

Sheet penanganan ok
AC1: 35 | AD1: =35/45*100 -> 77.777778 | AE1: 12.5
Z2: REKAPITULASI PENANGANAN PENGELOLAAN DAERAH IRIGASI KEWENANGAN PEMERINTAH PROVINSI JAWA TIMUR
B3: Prasarana Fisik | C3: Prasarana Fisik | D3: KERUSAKAN | E3: IKSI | F3: penanganan | G3: luas | O3: Rekomendasi | P3: Jumlah D.I | Q3: Jumlah D.I | T3: Rekomendasi | U3: Luas D.I | V3: Luas D.I | Z3: No. | AA3: Daerah Irigasi | AB3: Luas (Ha) | AC3: Indeks Kondisi Prasarana Fisik | AD3: Persenatase Kondisi Prasarana Fisik (%) | AE3: Indeks Produktivitas Tanam | AF3: IKSI | AG3: Penanganan
B4: 29.82 | C4: =+B4/45*100 -> 66.266667 | D4: =100-C4 -> 33.733333 | E4: 62.2 | F4: berkala | G4: 148 | H4: =IF(AND($B4<27,$E4<55),"Rehab J.I",IF(AND($B4<=36,$E4<=69),"Perbaikan",IF(AND($B4<=40.5,$E4>=55),"Perawatan","Rutin"))) -> Perbaikan | K4: Perawatan | L4: 54 | O4: Rehabilitasi | P4: =+Q4/$Q$8 -> 0.073033708 | Q4: =+COUNT(AF43,AF45,AF68,AF71,AF76:AF77,AF116,AF119,AF138,AF140,AF152,AF174,AF177) -> 13 | T4: Rehabilitasi | U4: =V4/$V$8 -> 0.061910631 | V4: =+SUM(AB43,AB45,AB68,AB71,AB76:AB77,AB116,AB119,AB138,AB140,AB152,AB174,AB177) -> 10347 | Z4: 1 | AA4: D.I. CEPOGO | AB4: 1000 | AC4: 30 | AD4: =+AC4/45*100 -> 66.666667 | AE4: 9.63 | AF4: 69.76 | AG4: Pemeliharaan Berkala Bersifat Perbaikan
B5: 29.92 | C5: =+B5/45*100 -> 66.488889 | D5: =100-C5 -> 33.511111 | E5: 61.88 | F5: berkala | G5: 156 | H5: =IF(AND($B5<27,$E5<55),"Rehab J.I",IF(AND($B5<=36,$E5<=69),"Perbaikan",IF(AND($B5<=40.5,$E5>=55),"Perawatan","Rutin"))) -> Perbaikan | K5: Perawatan | L5: 23 | O5: Pemeliharaan Berkala Bersifat Penggantian | P5: =+Q5/$Q$8 -> 0.15730337 | Q5: =+COUNT(AF10,AF21,AF28,AF30,AF54:AF55,AF58,AF60,AF62,AF64,AF73:AF75,AF87,AF99,AF101,AF103,AF117,AF129,AF147:AF149,AF151,AF156,AF162,AF167,AF180:AF181) -> 28 | T5: Pemeliharaan Berkala Bersifat Penggantian | U5: =V5/$V$8 -> 0.1648856 | V5: =+SUM(AB10,AB21,AB28,AB30,AB54:AB55,AB58,AB60,AB62,AB64,AB73:AB75,AB87,AB99,AB101,AB103,AB117,AB129,AB147:AB149,AB151,AB156,AB162,AB167,AB180:AB181) -> 27557 | Z5: 2 | AA5: D.I. DALEM | AB5: 1403 | AC5: 21.53 | AD5: =+AC5/45*100 -> 47.844444 | AE5: 14.91 | AF5: 66.84 | AG5: Pemeliharaan Berkala Bersifat Perbaikan | AI5: 1 | AJ5: Rehabilitasi
B6: 30.26 | C6: =+B6/45*100 -> 67.244444 | D6: =100-C6 -> 32.755556 | E6: 63.05 | F6: berkala | G6: 1212 | H6: =IF(AND($B6<27,$E6<55),"Rehab J.I",IF(AND($B6<=36,$E6<=69),"Perbaikan",IF(AND($B6<=40.5,$E6>=55),"Perawatan","Rutin"))) -> Perbaikan | K6: Perawatan | L6: 42 | O6: Pemeliharaan Berkala Bersifat Perbaikan | P6: =+Q6/$Q$8 -> 0.75280899 | Q6: =+COUNT(AF4:AF9,AF11:AF20,AF22:AF27,AF29,AF31:AF41,AF44,AF46:AF53,AF56:AF57,AF59,AF61,AF63,AF65:AF67,AF69:AF70,AF72,AF78:AF79,AF81:AF86,AF88:AF98,AF100,AF102,AF104:AF105,AF107:AF115,AF118,AF120:AF128,AF130:AF137,AF139,AF141:AF146,AF150,AF153:AF155,AF157:AF161,AF163:AF166,AF168:AF173,AF175:AF176,AF178:AF179) -> 134 | T6: Pemeliharaan Berkala Bersifat Perbaikan | U6: =+V6/$V$8 -> 0.73609449 | V6: =+SUM(AB4:AB9,AB11:AB20,AB22:AB27,AB29,AB31:AB41,AB44,AB46:AB53,AB56:AB57,AB59,AB61,AB63,AB65:AB67,AB69:AB70,AB72,AB78:AB79,AB81:AB86,AB88:AB98,AB100,AB102,AB104:AB105,AB107:AB115,AB118,AB120:AB128,AB130:AB137,AB139,AB141:AB146,AB150,AB153:AB155,AB157:AB161,AB163:AB166,AB168:AB173,AB175:AB176,AB178:AB179) -> 123022 | Z6: 3 | AA6: D.I. SAMPUNG | AB6: 1370 | AC6: 30.94 | AD6: =+AC6/45*100 -> 68.755556 | AE6: 15 | AF6: 76.82 | AG6: Pemeliharaan Berkala Bersifat Perbaikan | AI6: 2 | AJ6: Pemeliharaan Berkala Bersifat Perbaikan Berat/Penggantian
B7: 28.65 | C7: =+B7/45*100 -> 63.666667 | D7: =100-C7 -> 36.333333 | E7: 60.78 | F7: berkala | G7: 20 | H7: =IF(AND($B7<27,$E7<55),"Rehab J.I",IF(AND($B7<=36,$E7<=69),"Perbaikan",IF(AND($B7<=40.5,$E7>=55),"Perawatan","Rutin"))) -> Perbaikan | K7: Perawatan | L7: 1763 | O7: Pemeliharaan Berkala Bersifat Perawatan | P7: =+Q7/$Q$8 -> 0.016853933 | Q7: =+COUNT(AF42,AF80,AF106) -> 3 | T7: Pemeliharaan Berkala Bersifat Perawatan | U7: =+V7/$V$8 -> 0.037109282 | V7: =+SUM(AB42,AB80,AB106) -> 6202 | Z7: 4 | AA7: D.I. SUMOROBANGUN | AB7: 1787 | AC7: 27.97 | AD7: =+AC7/45*100 -> 62.155556 | AE7: 12.78 | AF7: 59.97 | AG7: Pemeliharaan Berkala Bersifat Perbaikan | AI7: 3 | AJ7: Pemeliharaan Berkala Bersifat Perbaikan
B8: 19.29 | C8: =+B8/45*100 -> 42.866667 | D8: =100-C8 -> 57.133333 | E8: 54.06 | F8: rehab | G8: 527 | H8: =IF(AND($B8<27,$E8<55),"Rehab J.I",IF(AND($B8<=36,$E8<=69),"Perbaikan",IF(AND($B8<=40.5,$E8>=55),"Perawatan","Rutin"))) -> Rehab J.I | K8: Perawatan | L8: 2946 | P8: =SUM(P4:P7) -> 1 | Q8: =SUM(Q4:Q7) -> 178 | U8: =SUM(U4:U7) -> 1 | V8: =SUM(V4:V7) -> 167128 | Z8: 5 | AA8: D.I. WATU PUTIH | AB8: 1096 | AC8: 25.69 | AD8: =+AC8/45*100 -> 57.088889 | AE8: 13 | AF8: 65.28 | AG8: Pemeliharaan Berkala Bersifat Perbaikan | AI8: 4 | AJ8: Pemeliharaan Berkala Bersifat Perawatan
B9: 23.97 | C9: =+B9/45*100 -> 53.266667 | D9: =100-C9 -> 46.733333 | E9: 59.18 | F9: rehab | G9: 457 | H9: =IF(AND($B9<27,$E9<55),"Rehab J.I",IF(AND($B9<=36,$E9<=69),"Perbaikan",IF(AND($B9<=40.5,$E9>=55),"Perawatan","Rutin"))) -> Perbaikan | K9: Perawatan | L9: 1637 | Z9: 6 | AA9: D.I. WILANGAN | AB9: 1727 | AC9: 29.38 | AD9: =+AC9/45*100 -> 65.288889 | AE9: 13.2 | AF9: 65.88 | AG9: Pemeliharaan Berkala Bersifat Perbaikan
B10: 29.45 | C10: =+B10/45*100 -> 65.444444 | D10: =100-C10 -> 34.555556 | E10: 61.43 | F10: berkala | G10: 107 | H10: =IF(AND($B10<27,$E10<55),"Rehab J.I",IF(AND($B10<=36,$E10<=69),"Perbaikan",IF(AND($B10<=40.5,$E10>=55),"Perawatan","Rutin"))) -> Perbaikan | K10: Perawatan | L10: 1086 | Z10: 7 | AA10: D.I. GELANG | AB10: 1378 | AC10: 23.96 | AD10: =+AC10/45*100 -> 53.244444 | AE10: 9 | AF10: 62.7 | AG10: Pemeliharaan Berkala Bersifat Perbaikan Berat/Penggantian
B11: 28.57 | C11: =+B11/45*100 -> 63.488889 | D11: =100-C11 -> 36.511111 | E11: 61.32 | F11: berkala | G11: 39 | H11: =IF(AND($B11<27,$E11<55),"Rehab J.I",IF(AND($B11<=36,$E11<=69),"Perbaikan",IF(AND($B11<=40.5,$E11>=55),"Perawatan","Rutin"))) -> Perbaikan | K11: Perawatan | L11: 1812 | Z11: 8 | AA11: D.I. DERMEN | AB11: 1763 | AC11: 33.18 | AD11: =+AC11/45*100 -> 73.733333 | AE11: 14.47 | AF11: 72.05 | AG11: Pemeliharaan Berkala Bersifat Perbaikan
B12: 28.48 | C12: =+B12/45*100 -> 63.288889 | D12: =100-C12 -> 36.711111 | E12: 61.42 | F12: berkala | G12: 282 | H12: =IF(AND($B12<27,$E12<55),"Rehab J.I",IF(AND($B12<=36,$E12<=69),"Perbaikan",IF(AND($B12<=40.5,$E12>=55),"Perawatan","Rutin"))) -> Perbaikan | K12: Perawatan | L12: 1182 | Z12: 9 | AA12: D.I. KETANDAN | AB12: 1637 | AC12: 32 | AD12: =+AC12/45*100 -> 71.111111 | AE12: 12.5 | AF12: 74.99 | AG12: Pemeliharaan Berkala Bersifat Perbaikan
B13: 31.96 | C13: =+B13/45*100 -> 71.022222 | D13: =100-C13 -> 28.977778 | E13: 63.73 | F13: berkala | G13: 726 | H13: =IF(AND($B13<27,$E13<55),"Rehab J.I",IF(AND($B13<=36,$E13<=69),"Perbaikan",IF(AND($B13<=40.5,$E13>=55),"Perawatan","Rutin"))) -> Perbaikan | K13: Perawatan | L13: 445 | Z13: 10 | AA13: D.I. POHBLEMBEM | AB13: 1086 | AC13: 30 | AD13: =+AC13/45*100 -> 66.666667 | AE13: 13.42 | AF13: 73.82 | AG13: Pemeliharaan Berkala Bersifat Perbaikan
B14: 27.57 | C14: =+B14/45*100 -> 61.266667 | D14: =100-C14 -> 38.733333 | E14: 59.63 | F14: berkala | G14: 63 | H14: =IF(AND($B14<27,$E14<55),"Rehab J.I",IF(AND($B14<=36,$E14<=69),"Perbaikan",IF(AND($B14<=40.5,$E14>=55),"Perawatan","Rutin"))) -> Perbaikan | K14: Perawatan | L14: 2522 | Z14: 11 | AA14: D.I. BRUG PURWO | AB14: 1094 | AC14: 32.12 | AD14: =+AC14/45*100 -> 71.377778 | AE14: 10.7 | AF14: 70.82 | AG14: Pemeliharaan Berkala Bersifat Perbaikan
B15: 28.39 | C15: =+B15/45*100 -> 63.088889 | D15: =100-C15 -> 36.911111 | E15: 61.63 | F15: berkala | G15: 70 | H15: =IF(AND($B15<27,$E15<55),"Rehab J.I",IF(AND($B15<=36,$E15<=69),"Perbaikan",IF(AND($B15<=40.5,$E15>=55),"Perawatan","Rutin"))) -> Perbaikan | K15: Perawatan | L15: 1370 | Z15: 12 | AA15: D.I. CURAH MENJANGAN/KEDUNGSANGKU | AB15: 1867 | AC15: 33.12 | AD15: =+AC15/45*100 -> 73.6 | AE15: 11.6 | AF15: 78.72 | AG15: Pemeliharaan Berkala Bersifat Perbaikan
B16: 22.16 | C16: =+B16/45*100 -> 49.244444 | D16: =100-C16 -> 50.755556 | E16: 59.91 | F16: rehab | G16: 53 | H16: =IF(AND($B16<27,$E16<55),"Rehab J.I",IF(AND($B16<=36,$E16<=69),"Perbaikan",IF(AND($B16<=40.5,$E16>=55),"Perawatan","Rutin"))) -> Perbaikan | K16: Perawatan | L16: 1449 | Z16: 13 | AA16: D.I. JURANG DAWIR | AB16: 1088 | AC16: 21.64 | AD16: =+AC16/45*100 -> 48.088889 | AE16: 14.86 | AF16: 67.1 | AG16: Pemeliharaan Berkala Bersifat Perbaikan
B17: 27.55 | C17: =+B17/45*100 -> 61.222222 | D17: =100-C17 -> 38.777778 | E17: 56.85 | F17: berkala | G17: 193 | H17: =IF(AND($B17<27,$E17<55),"Rehab J.I",IF(AND($B17<=36,$E17<=69),"Perbaikan",IF(AND($B17<=40.5,$E17>=55),"Perawatan","Rutin"))) -> Perbaikan | K17: Perawatan | L17: 1057 | Z17: 14 | AA17: D.I. TEKUNG I | AB17: 1920 | AC17: 22.26 | AD17: =+AC17/45*100 -> 49.466667 | AE17: 13 | AF17: 65.43 | AG17: Pemeliharaan Berkala Bersifat Perbaikan
B18: 27.88 | C18: =+B18/45*100 -> 61.955556 | D18: =100-C18 -> 38.044444 | E18: 53.14 | F18: berkala | G18: 455 | H18: =IF(AND($B18<27,$E18<55),"Rehab J.I",IF(AND($B18<=36,$E18<=69),"Perbaikan",IF(AND($B18<=40.5,$E18>=55),"Perawatan","Rutin"))) -> Perbaikan | K18: Perawatan | L18: 1393 | Z18: 15 | AA18: D.I. UMBUL PRINGTALI | AB18: 1262 | AC18: 23.34 | AD18: =+AC18/45*100 -> 51.866667 | AE18: 13.36 | AF18: 68.26 | AG18: Pemeliharaan Berkala Bersifat Perbaikan
B19: 27.18 | C19: =+B19/45*100 -> 60.4 | D19: =100-C19 -> 39.6 | E19: 59.58 | F19: berkala | G19: 16 | H19: =IF(AND($B19<27,$E19<55),"Rehab J.I",IF(AND($B19<=36,$E19<=69),"Perbaikan",IF(AND($B19<=40.5,$E19>=55),"Perawatan","Rutin"))) -> Perbaikan | K19: Perawatan | L19: 1447 | Z19: 16 | AA19: D.I. BAGO | AB19: 2188 | AC19: 30.37 | AD19: =+AC19/45*100 -> 67.488889 | AE19: 13.02 | AF19: 73.72 | AG19: Pemeliharaan Berkala Bersifat Perbaikan
B20: 22.54 | C20: =+B20/45*100 -> 50.088889 | D20: =100-C20 -> 49.911111 | E20: 54.64 | F20: rehab | G20: 32 | H20: =IF(AND($B20<27,$E20<55),"Rehab J.I",IF(AND($B20<=36,$E20<=69),"Perbaikan",IF(AND($B20<=40.5,$E20>=55),"Perawatan","Rutin"))) -> Rehab J.I | K20: Perawatan | L20: 1239 | Z20: 17 | AA20: D.I. GROGOL | AB20: 1239 | AC20: 30 | AD20: =+AC20/45*100 -> 66.666667 | AE20: 14.53 | AF20: 75.42 | AG20: Pemeliharaan Berkala Bersifat Perbaikan
... B161: 23.77 | C161: =+B161/45*100 -> 52.822222 | D161: =100-C161 -> 47.177778 | E161: 57.54 | F161: rehab | G161: 1424 | H161: =IF(AND($B161<27,$E161<55),"Rehab J.I",IF(AND($B161<=36,$E161<=69),"Perbaikan",IF(AND($B161<=40.5,$E161>=55),"Perawatan","Rutin"))) -> Perbaikan | K161: Rehab J.I | L161: 1799 | Z161: 158 | AA161: D.I. NURBIHA | AB161: 309 | AC161: 26.08 | AD161: =+AC161/45*100 -> 57.955556 | AE161: 14.97 | AF161: 72.22 | AG161: Pemeliharaan Berkala Bersifat Perbaikan
G162: =SUM(G4:G161) -> 149988 | Z162: 159 | AA162: D.I. GUMBOLO/DAWUHAN | AB162: 350 | AC162: 19.32 | AD162: =+AC162/45*100 -> 42.933333 | AE162: 4.95 | AF162: 57.34 | AG162: Pemeliharaan Berkala Bersifat Perbaikan Berat/Penggantian
Z163: 160 | AA163: D.I. PRINGDURI | AB163: 63 | AC163: 24.78 | AD163: =+AC163/45*100 -> 55.066667 | AE163: 14.94 | AF163: 73.62 | AG163: Pemeliharaan Berkala Bersifat Perbaikan
Z164: 161 | AA164: D.I. BAJULMATI | AB164: 777 | AC164: 32.61 | AD164: =+AC164/45*100 -> 72.466667 | AE164: 11.01 | AF164: 71.49 | AG164: Pemeliharaan Berkala Bersifat Perbaikan
Z165: 162 | AA165: D.I. SBR. NYAMPLONG | AB165: 80 | AC165: 32 | AD165: =+AC165/45*100 -> 71.111111 | AE165: 5.29 | AF165: 64.79 | AG165: Pemeliharaan Berkala Bersifat Perbaikan
Z166: 163 | AA166: D.I. I.S PAKIS | AB166: 190 | AC166: 26.75 | AD166: =+AC166/45*100 -> 59.444444 | AE166: 14.63 | AF166: 61.48 | AG166: Pemeliharaan Berkala Bersifat Perbaikan
Z167: 164 | AA167: D.I. LONTONG | AB167: 151 | AC167: 12.05 | AD167: =+AC167/45*100 -> 26.777778 | AE167: 13.64 | AF167: 49.69 | AG167: Pemeliharaan Berkala Bersifat Perbaikan Berat/Penggantian
Z168: 165 | AA168: D.I. WARUJINGGO | AB168: 62 | AC168: 15.95 | AD168: =+AC168/45*100 -> 35.444444 | AE168: 12.99 | AF168: 56.05 | AG168: Pemeliharaan Berkala Bersifat Perbaikan
Z169: 166 | AA169: D.I. TAPOSAN | AB169: 696 | AC169: 29.64 | AD169: =+AC169/45*100 -> 65.866667 | AE169: 14.5 | AF169: 66.05 | AG169: Pemeliharaan Berkala Bersifat Perbaikan
Z170: 167 | AA170: D.I. KRASAK | AB170: 598 | AC170: 27.75 | AD170: =+AC170/45*100 -> 61.666667 | AE170: 14.38 | AF170: 75.04 | AG170: Pemeliharaan Berkala Bersifat Perbaikan
Z171: 168 | AA171: D.I. MBOK SITI | AB171: 445 | AC171: 30.65 | AD171: =+AC171/45*100 -> 68.111111 | AE171: 14.63 | AF171: 77.14 | AG171: Pemeliharaan Berkala Bersifat Perbaikan
Z172: 169 | AA172: D.I. BANGO | AB172: 64 | AC172: 28.94 | AD172: =+AC172/45*100 -> 64.311111 | AE172: 14.1 | AF172: 57.34 | AG172: Pemeliharaan Berkala Bersifat Perbaikan
Z173: 170 | AA173: D.I. GRINTING | AB173: 695 | AC173: 22.73 | AD173: =+AC173/45*100 -> 50.511111 | AE173: 14.96 | AF173: 63.25 | AG173: Pemeliharaan Berkala Bersifat Perbaikan
Z174: 171 | AA174: D.I. LICIN | AB174: 463 | AC174: 23.63 | AD174: =+AC174/45*100 -> 52.511111 | AE174: 5.15 | AF174: 53.92 | AG174: Rehabilitasi
... Z181: 178 | AA181: D.I. WIDODAREN | AB181: 1372 | AC181: 21.51 | AD181: =+AC181/45*100 -> 47.8 | AE181: 8.18 | AF181: 59.82 | AG181: Pemeliharaan Berkala Bersifat Perbaikan Berat/Penggantian
AB182: =SUM(AB4:AB181) -> 167128

Sheet penanganan
B2: Prasarana Fisik | C2: Prasarana Fisik | D2: KERUSAKAN | E2: IKSI | F2: penanganan | G2: luas | O2: Rekomendasi | P2: Jumlah D.I | Q2: Jumlah D.I | T2: Rekomendasi | U2: Luas D.I | V2: Luas D.I | Y2: No. | Z2: DI | AA2: Luas | AB2: Prasarana Fisik | AC2: Prasarana Fisik | AD2: IKSI | AE2: Penanganan
B3: 29.82 | C3: =+B3/45*100 -> 66.266667 | D3: =100-C3 -> 33.733333 | E3: 62.2 | F3: berkala | G3: 148 | H3: =IF(AND($B3<27,$E3<55),"Rehab J.I",IF(AND($B3<=36,$E3<=69),"Perbaikan",IF(AND($B3<=40.5,$E3>=55),"Perawatan","Rutin"))) -> Perbaikan | K3: Perawatan | L3: 54 | O3: Rehabilitasi | P3: =+Q3/$Q$6 -> 0.1011236 | Q3: 18 | T3: Rehabilitasi | U3: =+V3/$V$6 -> 0.076785458 | V3: =+SUM(AA42,AA44,AA67,AA70,AA74:AA76,AA86,AA100,AA115,AA118,AA137,AA139,AA148,AA151,AA166,AA173,AA176) -> 12833 | Y3: 1 | Z3: D.I. CEPOGO | AA3: 1000 | AB3: 30 | AC3: =+AB3/45*100 -> 66.666667 | AD3: 69.76 | AE3: Pemeliharaan Berkala
B4: 29.92 | C4: =+B4/45*100 -> 66.488889 | D4: =100-C4 -> 33.511111 | E4: 61.88 | F4: berkala | G4: 156 | H4: =IF(AND($B4<27,$E4<55),"Rehab J.I",IF(AND($B4<=36,$E4<=69),"Perbaikan",IF(AND($B4<=40.5,$E4>=55),"Perawatan","Rutin"))) -> Perbaikan | K4: Perawatan | L4: 23 | O4: Pemeliharaan Berkala | P4: =+Q4/$Q$6 -> 0.88202247 | Q4: =178-Q3-Q5 -> 157 | T4: Pemeliharaan Berkala | U4: =V4/$V$6 -> 0.88610526 | V4: =+SUM(AA3:AA40,AA43,AA45:AA66,AA68:AA69,AA71:AA73,AA77:AA78,AA80:AA85,AA87:AA99,AA101:AA104,AA106:AA114,AA116:AA117,AA119:AA136,AA138,AA140:AA147,AA149:AA150,AA152:AA165,AA167:AA172,AA174:AA175,AA177:AA180) -> 148093 | Y4: 2 | Z4: D.I. DALEM | AA4: 1403 | AB4: 21.53 | AC4: =+AB4/45*100 -> 47.844444 | AD4: 66.84 | AE4: Pemeliharaan Berkala
B5: 30.26 | C5: =+B5/45*100 -> 67.244444 | D5: =100-C5 -> 32.755556 | E5: 63.05 | F5: berkala | G5: 1212 | H5: =IF(AND($B5<27,$E5<55),"Rehab J.I",IF(AND($B5<=36,$E5<=69),"Perbaikan",IF(AND($B5<=40.5,$E5>=55),"Perawatan","Rutin"))) -> Perbaikan | K5: Perawatan | L5: 42 | O5: O&P Rutin | P5: =+Q5/$Q$6 -> 0.016853933 | Q5: 3 | T5: O&P Rutin | U5: =+V5/$V$6 -> 0.037109282 | V5: =+SUM(AA41,AA79,AA105) -> 6202 | Y5: 3 | Z5: D.I. SAMPUNG | AA5: 1370 | AB5: 30.94 | AC5: =+AB5/45*100 -> 68.755556 | AD5: 76.82 | AE5: Pemeliharaan Berkala
B6: 28.65 | C6: =+B6/45*100 -> 63.666667 | D6: =100-C6 -> 36.333333 | E6: 60.78 | F6: berkala | G6: 20 | H6: =IF(AND($B6<27,$E6<55),"Rehab J.I",IF(AND($B6<=36,$E6<=69),"Perbaikan",IF(AND($B6<=40.5,$E6>=55),"Perawatan","Rutin"))) -> Perbaikan | K6: Perawatan | L6: 1763 | P6: =SUM(P3:P5) -> 1 | Q6: =SUM(Q3:Q5) -> 178 | U6: =SUM(U3:U5) -> 1 | V6: =SUM(V3:V5) -> 167128 | Y6: 4 | Z6: D.I. SUMOROBANGUN | AA6: 1787 | AB6: 27.97 | AC6: =+AB6/45*100 -> 62.155556 | AD6: 59.97 | AE6: Pemeliharaan Berkala
B7: 19.29 | C7: =+B7/45*100 -> 42.866667 | D7: =100-C7 -> 57.133333 | E7: 54.06 | F7: rehab | G7: 527 | H7: =IF(AND($B7<27,$E7<55),"Rehab J.I",IF(AND($B7<=36,$E7<=69),"Perbaikan",IF(AND($B7<=40.5,$E7>=55),"Perawatan","Rutin"))) -> Rehab J.I | K7: Perawatan | L7: 2946 | Y7: 5 | Z7: D.I. WATU PUTIH | AA7: 1096 | AB7: 25.69 | AC7: =+AB7/45*100 -> 57.088889 | AD7: 65.28 | AE7: Pemeliharaan Berkala
B8: 23.97 | C8: =+B8/45*100 -> 53.266667 | D8: =100-C8 -> 46.733333 | E8: 59.18 | F8: rehab | G8: 457 | H8: =IF(AND($B8<27,$E8<55),"Rehab J.I",IF(AND($B8<=36,$E8<=69),"Perbaikan",IF(AND($B8<=40.5,$E8>=55),"Perawatan","Rutin"))) -> Perbaikan | K8: Perawatan | L8: 1637 | Y8: 6 | Z8: D.I. WILANGAN | AA8: 1727 | AB8: 29.38 | AC8: =+AB8/45*100 -> 65.288889 | AD8: 65.88 | AE8: Pemeliharaan Berkala
B9: 29.45 | C9: =+B9/45*100 -> 65.444444 | D9: =100-C9 -> 34.555556 | E9: 61.43 | F9: berkala | G9: 107 | H9: =IF(AND($B9<27,$E9<55),"Rehab J.I",IF(AND($B9<=36,$E9<=69),"Perbaikan",IF(AND($B9<=40.5,$E9>=55),"Perawatan","Rutin"))) -> Perbaikan | K9: Perawatan | L9: 1086 | Y9: 7 | Z9: D.I. GELANG | AA9: 1378 | AB9: 23.96 | AC9: =+AB9/45*100 -> 53.244444 | AD9: 62.7 | AE9: Pemeliharaan Berkala
B10: 28.57 | C10: =+B10/45*100 -> 63.488889 | D10: =100-C10 -> 36.511111 | E10: 61.32 | F10: berkala | G10: 39 | H10: =IF(AND($B10<27,$E10<55),"Rehab J.I",IF(AND($B10<=36,$E10<=69),"Perbaikan",IF(AND($B10<=40.5,$E10>=55),"Perawatan","Rutin"))) -> Perbaikan | K10: Perawatan | L10: 1812 | Y10: 8 | Z10: D.I. DERMEN | AA10: 1763 | AB10: 33.18 | AC10: =+AB10/45*100 -> 73.733333 | AD10: 72.05 | AE10: Pemeliharaan Berkala
B11: 28.48 | C11: =+B11/45*100 -> 63.288889 | D11: =100-C11 -> 36.711111 | E11: 61.42 | F11: berkala | G11: 282 | H11: =IF(AND($B11<27,$E11<55),"Rehab J.I",IF(AND($B11<=36,$E11<=69),"Perbaikan",IF(AND($B11<=40.5,$E11>=55),"Perawatan","Rutin"))) -> Perbaikan | K11: Perawatan | L11: 1182 | Y11: 9 | Z11: D.I. KETANDAN | AA11: 1637 | AB11: 32 | AC11: =+AB11/45*100 -> 71.111111 | AD11: 74.99 | AE11: Pemeliharaan Berkala
B12: 31.96 | C12: =+B12/45*100 -> 71.022222 | D12: =100-C12 -> 28.977778 | E12: 63.73 | F12: berkala | G12: 726 | H12: =IF(AND($B12<27,$E12<55),"Rehab J.I",IF(AND($B12<=36,$E12<=69),"Perbaikan",IF(AND($B12<=40.5,$E12>=55),"Perawatan","Rutin"))) -> Perbaikan | K12: Perawatan | L12: 445 | Y12: 10 | Z12: D.I. POHBLEMBEM | AA12: 1086 | AB12: 30 | AC12: =+AB12/45*100 -> 66.666667 | AD12: 73.82 | AE12: Pemeliharaan Berkala
B13: 27.57 | C13: =+B13/45*100 -> 61.266667 | D13: =100-C13 -> 38.733333 | E13: 59.63 | F13: berkala | G13: 63 | H13: =IF(AND($B13<27,$E13<55),"Rehab J.I",IF(AND($B13<=36,$E13<=69),"Perbaikan",IF(AND($B13<=40.5,$E13>=55),"Perawatan","Rutin"))) -> Perbaikan | K13: Perawatan | L13: 2522 | Y13: 11 | Z13: D.I. BRUG PURWO | AA13: 1094 | AB13: 32.12 | AC13: =+AB13/45*100 -> 71.377778 | AD13: 70.82 | AE13: Pemeliharaan Berkala
B14: 28.39 | C14: =+B14/45*100 -> 63.088889 | D14: =100-C14 -> 36.911111 | E14: 61.63 | F14: berkala | G14: 70 | H14: =IF(AND($B14<27,$E14<55),"Rehab J.I",IF(AND($B14<=36,$E14<=69),"Perbaikan",IF(AND($B14<=40.5,$E14>=55),"Perawatan","Rutin"))) -> Perbaikan | K14: Perawatan | L14: 1370 | Y14: 12 | Z14: D.I. CURAH MENJANGAN/KEDUNGSANGKU | AA14: 1867 | AB14: 33.12 | AC14: =+AB14/45*100 -> 73.6 | AD14: 78.72 | AE14: Pemeliharaan Berkala
B15: 22.16 | C15: =+B15/45*100 -> 49.244444 | D15: =100-C15 -> 50.755556 | E15: 59.91 | F15: rehab | G15: 53 | H15: =IF(AND($B15<27,$E15<55),"Rehab J.I",IF(AND($B15<=36,$E15<=69),"Perbaikan",IF(AND($B15<=40.5,$E15>=55),"Perawatan","Rutin"))) -> Perbaikan | K15: Perawatan | L15: 1449 | Y15: 13 | Z15: D.I. JURANG DAWIR | AA15: 1088 | AB15: 21.64 | AC15: =+AB15/45*100 -> 48.088889 | AD15: 67.1 | AE15: Pemeliharaan Berkala
B16: 27.55 | C16: =+B16/45*100 -> 61.222222 | D16: =100-C16 -> 38.777778 | E16: 56.85 | F16: berkala | G16: 193 | H16: =IF(AND($B16<27,$E16<55),"Rehab J.I",IF(AND($B16<=36,$E16<=69),"Perbaikan",IF(AND($B16<=40.5,$E16>=55),"Perawatan","Rutin"))) -> Perbaikan | K16: Perawatan | L16: 1057 | Y16: 14 | Z16: D.I. TEKUNG I | AA16: 1920 | AB16: 22.26 | AC16: =+AB16/45*100 -> 49.466667 | AD16: 65.43 | AE16: Pemeliharaan Berkala
B17: 27.88 | C17: =+B17/45*100 -> 61.955556 | D17: =100-C17 -> 38.044444 | E17: 53.14 | F17: berkala | G17: 455 | H17: =IF(AND($B17<27,$E17<55),"Rehab J.I",IF(AND($B17<=36,$E17<=69),"Perbaikan",IF(AND($B17<=40.5,$E17>=55),"Perawatan","Rutin"))) -> Perbaikan | K17: Perawatan | L17: 1393 | Y17: 15 | Z17: D.I. UMBUL PRINGTALI | AA17: 1262 | AB17: 23.34 | AC17: =+AB17/45*100 -> 51.866667 | AD17: 68.26 | AE17: Pemeliharaan Berkala
B18: 27.18 | C18: =+B18/45*100 -> 60.4 | D18: =100-C18 -> 39.6 | E18: 59.58 | F18: berkala | G18: 16 | H18: =IF(AND($B18<27,$E18<55),"Rehab J.I",IF(AND($B18<=36,$E18<=69),"Perbaikan",IF(AND($B18<=40.5,$E18>=55),"Perawatan","Rutin"))) -> Perbaikan | K18: Perawatan | L18: 1447 | Y18: 16 | Z18: D.I. BAGO | AA18: 2188 | AB18: 30.37 | AC18: =+AB18/45*100 -> 67.488889 | AD18: 73.72 | AE18: Pemeliharaan Berkala
... B160: 23.77 | C160: =+B160/45*100 -> 52.822222 | D160: =100-C160 -> 47.177778 | E160: 57.54 | F160: rehab | G160: 1424 | H160: =IF(AND($B160<27,$E160<55),"Rehab J.I",IF(AND($B160<=36,$E160<=69),"Perbaikan",IF(AND($B160<=40.5,$E160>=55),"Perawatan","Rutin"))) -> Perbaikan | K160: Rehab J.I | L160: 1799 | Y160: 158 | Z160: D.I. NURBIHA | AA160: 309 | AB160: 26.08 | AC160: =+AB160/45*100 -> 57.955556 | AD160: 72.22 | AE160: Pemeliharaan Berkala
G161: =SUM(G3:G160) -> 149988 | Y161: 159 | Z161: D.I. GUMBOLO/DAWUHAN | AA161: 350 | AB161: 19.32 | AC161: =+AB161/45*100 -> 42.933333 | AD161: 57.34 | AE161: Pemeliharaan Berkala
Y162: 160 | Z162: D.I. PRINGDURI | AA162: 63 | AB162: 24.78 | AC162: =+AB162/45*100 -> 55.066667 | AD162: 73.62 | AE162: Pemeliharaan Berkala
Y163: 161 | Z163: D.I. BAJULMATI | AA163: 777 | AB163: 32.61 | AC163: =+AB163/45*100 -> 72.466667 | AD163: 71.49 | AE163: Pemeliharaan Berkala
Y164: 162 | Z164: D.I. SBR. NYAMPLONG | AA164: 80 | AB164: 32 | AC164: =+AB164/45*100 -> 71.111111 | AD164: 64.79 | AE164: Pemeliharaan Berkala
Y165: 163 | Z165: D.I. I.S PAKIS | AA165: 190 | AB165: 26.75 | AC165: =+AB165/45*100 -> 59.444444 | AD165: 61.48 | AE165: Pemeliharaan Berkala
Y166: 164 | Z166: D.I. LONTONG | AA166: 151 | AB166: 12.05 | AC166: =+AB166/45*100 -> 26.777778 | AD166: 49.69 | AE166: Rehabilitasi
Y167: 165 | Z167: D.I. WARUJINGGO | AA167: 62 | AB167: 15.95 | AC167: =+AB167/45*100 -> 35.444444 | AD167: 56.05 | AE167: Pemeliharaan Berkala
Y168: 166 | Z168: D.I. TAPOSAN | AA168: 696 | AB168: 29.64 | AC168: =+AB168/45*100 -> 65.866667 | AD168: 66.05 | AE168: Pemeliharaan Berkala
Y169: 167 | Z169: D.I. KRASAK | AA169: 598 | AB169: 27.75 | AC169: =+AB169/45*100 -> 61.666667 | AD169: 75.04 | AE169: Pemeliharaan Berkala
Y170: 168 | Z170: D.I. MBOK SITI | AA170: 445 | AB170: 30.65 | AC170: =+AB170/45*100 -> 68.111111 | AD170: 77.14 | AE170: Pemeliharaan Berkala
Y171: 169 | Z171: D.I. BANGO | AA171: 64 | AB171: 28.94 | AC171: =+AB171/45*100 -> 64.311111 | AD171: 57.34 | AE171: Pemeliharaan Berkala
Y172: 170 | Z172: D.I. GRINTING | AA172: 695 | AB172: 22.73 | AC172: =+AB172/45*100 -> 50.511111 | AD172: 63.25 | AE172: Pemeliharaan Berkala
Y173: 171 | Z173: D.I. LICIN | AA173: 463 | AB173: 23.63 | AC173: =+AB173/45*100 -> 52.511111 | AD173: 53.92 | AE173: Rehabilitasi
... Y180: 178 | Z180: D.I. WIDODAREN | AA180: 1372 | AB180: 21.51 | AC180: =+AB180/45*100 -> 47.8 | AD180: 59.82 | AE180: Pemeliharaan Berkala

Sheet analisa
A1: Daftar User Name Aplikasi EPAKSI Daerah Irigasi Kewenangan Pemerintah Provinsi Jawa Timur
A2: No. | B2: Nomeklatur/ Nama Daerah Irigasi | C2: Luas Daerah Irigasi Sesuai Permen 14/2015 (Ha) | D2: Lokasi Kabupaten/Kota | E2: Kode D.I | F2: Indeks Kondisi Sistem Irigasi (%) | M2: Keterangan
F3: Prasarana Fisik | G3: Produktivitas | H3: Sarana Penujang | I3: Organisasi Personalia | J3: Dokumentasi | K3: P3A/GP3A/IP3A | L3: Jumlah
F5: Nilai Maks 45% | G5: Nilai Maks 15% | H5: Nilai Maks 10% | I5: Nilai Maks 15% | J5: Nilai Maks 5% | K5: Nilai Maks 10% | L5: Nilai Maks 100%
A6: I | B6: UPT PSDA WS Brantas (Korwil Malang)
A7: 1 | B7: D.I. Bakalan | C7: 148 | D7: Kab./Kota Malang | E7: 35000001 | F7: 29.82 | G7: 13.38 | H7: 6 | I7: 6.5 | J7: 3.1 | K7: 3.4 | L7: =+SUM(F7:K7) -> 62.2 | M7: Penilaian prasarana fisik 2022 dan non prasarana fisik 2022
A8: 2 | B8: D.I. Bodo | C8: 156 | D8: Kab./Kota Malang | E8: 35000002 | F8: 29.92 | G8: 13.36 | H8: 6 | I8: 6.5 | J8: 3.1 | K8: 3 | L8: =+SUM(F8:K8) -> 61.88 | M8: Penilaian prasarana fisik 2022 dan non prasarana fisik 2022
A9: 3 | B9: D.I. Kadalpang | C9: 1212 | D9: Kab./Kota Malang | E9: 35000003 | F9: 30.26 | G9: 13.4 | H9: 6 | I9: 6.5 | J9: 2.9 | K9: 3.99 | L9: =+SUM(F9:K9) -> 63.05 | M9: Penilaian prasarana fisik 2022 dan non prasarana fisik 2022
A10: 4 | B10: D.I. Kajar II A | C10: 20 | D10: Kab./Kota Malang | E10: 35000004 | F10: 28.65 | G10: 13.53 | H10: 6 | I10: 6.5 | J10: 3.1 | K10: 3 | L10: =+SUM(F10:K10) -> 60.78 | M10: Penilaian prasarana fisik 2022 dan non prasarana fisik 2022
A11: 5 | B11: D.I. Kali Metro | C11: 527 | D11: Kab./Kota Malang | E11: 35000005 | F11: 19.29 | G11: 12.71 | H11: 4.6 | I11: 10.28 | J11: 2.98 | K11: 4.2 | L11: =+SUM(F11:K11) -> 54.06 | M11: Penilaian prasarana fisik 2023 dan non prasarana fisik 2023
A12: 6 | B12: D.I. Kalilanang | C12: 457 | D12: Kab. Malang, Kota Batu | E12: 35000006 | F12: 23.97 | G12: 13.65 | H12: 3.9 | I12: 8.26 | J12: 3.1 | K12: 6.3 | L12: =+SUM(F12:K12) -> 59.18 | M12: Penilaian prasarana fisik 2022 dan non prasarana fisik 2022
A13: 7 | B13: D.I. Kebalon | C13: 107 | D13: Kab./Kota Malang | E13: 35000007 | F13: 29.45 | G13: 13.38 | H13: 6 | I13: 6.5 | J13: 3.1 | K13: 3 | L13: =+SUM(F13:K13) -> 61.43 | M13: Penilaian prasarana fisik 2022 dan non prasarana fisik 2022
A14: 8 | B14: D.I. Losawi | C14: 39 | D14: Kab./Kota Malang | E14: 35000008 | F14: 28.57 | G14: 14.35 | H14: 4.6 | I14: 7.7 | J14: 3.1 | K14: 3 | L14: =+SUM(F14:K14) -> 61.32 | M14: Penilaian prasarana fisik 2022 dan non prasarana fisik 2022
A15: 9 | B15: D.I. Ngukir | C15: 282 | D15: Kab. Malang, Kota Batu | E15: 35000009 | F15: 28.48 | G15: 13.54 | H15: 3.8 | I15: 9.7 | J15: 2.9 | K15: 3 | L15: =+SUM(F15:K15) -> 61.42 | M15: Penilaian prasarana fisik 2022 dan non prasarana fisik 2022
A16: 10 | B16: D.I. Pakis | C16: 726 | D16: Kab./Kota Malang | E16: 35000010 | F16: 31.96 | G16: 13.27 | H16: 5.9 | I16: 6.5 | J16: 3.1 | K16: 3 | L16: =+SUM(F16:K16) -> 63.73 | M16: Penilaian prasarana fisik 2022 dan non prasarana fisik 2022
A17: 11 | B17: D.I. Peniwen | C17: 63 | D17: Kab./Kota Malang | E17: 35000011 | F17: 27.57 | G17: 13.46 | H17: 6 | I17: 6.5 | J17: 3.1 | K17: 3 | L17: =+SUM(F17:K17) -> 59.63 | M17: Penilaian prasarana fisik 2022 dan non prasarana fisik 2022
A18: 12 | B18: D.I. Podokaton | C18: 70 | D18: Kab./Kota Malang | E18: 35000012 | F18: 28.39 | G18: 15 | H18: 5 | I18: 7.14 | J18: 3.1 | K18: 3 | L18: =+SUM(F18:K18) -> 61.63 | M18: Penilaian prasarana fisik 2022 dan non prasarana fisik 2022
... A41: 35 | B41: D.I. Gelang | C41: 1378 | D41: Kabupaten Tulungagung | E41: 35000095 | F41: 23.96 | G41: 9 | H41: 8.05 | I41: 11.19 | J41: 3.5 | K41: 7 | L41: =+SUM(F41:K41) -> 62.7 | M41: Penilaian prasarana fisik 2022 dan non prasarana fisik 2022
A42: II | B42: UPT PSDA WS Brantas | L42: =+SUM(F42:K42) -> 0
A43: 1 | B43: D.I. Sbr. Gayam | C43: 1926 | D43: Kab. Trenggalek, Kab. Tulungagung | E43: 35000020 | F43: 25.99 | G43: 11.26 | H43: 4.2 | I43: 7.62 | J43: 3.5 | K43: 4.76 | L43: =+SUM(F43:K43) -> 57.33 | M43: Penilaian prasarana fisik 2020 dan non prasarana fisik 2020
A44: 2 | B44: D.I. Widoro | C44: 2946 | D44: Kab. Trenggalek, Kab. Tulungagung | E44: 35000023 | F44: 38.83 | G44: 11.46 | H44: 4.34 | I44: 6.02 | J44: 2.9 | K44: 4.76 | L44: =+SUM(F44:K44) -> 68.31 | M44: Penilaian prasarana fisik 2021 dan non prasarana fisik 2021
A45: 3 | B45: D.I. Gunting | C45: 369 | D45: Kab./Kota Kediri | E45: 35000040 | F45: 22 | G45: 14.66 | H45: 7.5 | I45: 11.25 | J45: 3.8 | K45: 7 | L45: =+SUM(F45:K45) -> 66.21 | M45: Penilaian prasarana fisik 2021 dan non prasarana fisik 2021
A46: 4 | B46: D.I. Kembangan | C46: 281 | D46: Kab./Kota Kediri | E46: 35000041 | F46: 13.45 | G46: 14.35 | H46: 7.59 | I46: 11.07 | J46: 3.65 | K46: 7 | L46: =+SUM(F46:K46) -> 57.11 | M46: Penilaian prasarana fisik 2021 dan non prasarana fisik 2021
A47: 5 | B47: D.I. Klitik Bendokrosok | C47: 332 | D47: Kab./Kota Kediri | E47: 35000042 | F47: 23.79 | G47: 11.57 | H47: 8.46 | I47: 12.72 | J47: 4.03 | K47: 7.9 | L47: =+SUM(F47:K47) -> 68.47 | M47: Penilaian prasarana fisik 2022 dan non prasarana fisik 2022
A48: 6 | B48: D.I. Klitih Kresek | C48: 108 | D48: Kab./Kota Kediri | E48: 35000043 | F48: 28.53 | G48: 10.52 | H48: 7.37 | I48: 11.15 | J48: 3.8 | K48: 7 | L48: =+SUM(F48:K48) -> 68.37 | M48: Penilaian prasarana fisik 2021 dan non prasarana fisik 2021
A49: 7 | B49: D.I. Ngaglik | C49: 98 | D49: Kab./Kota Kediri | E49: 35000044 | F49: 24.05 | G49: 13.96 | H49: 7.62 | I49: 11.06 | J49: 3.8 | K49: 7 | L49: =+SUM(F49:K49) -> 67.49 | M49: Penilaian prasarana fisik 2021 dan non prasarana fisik 2021
A50: 8 | B50: D.I. Ngablak | C50: 245 | D50: Kab./Kota Kediri | E50: 35000200 | F50: 20.81 | G50: 14.04 | H50: 7.44 | I50: 11.1 | J50: 3.88 | K50: 7 | L50: =+SUM(F50:K50) -> 64.27 | M50: Penilaian prasarana fisik 2021 dan non prasarana fisik 2021
A51: 9 | B51: D.I. Bujel | C51: 113 | D51: Kab./Kota Kediri | E51: 35000206 | F51: 13.38 | G51: 14.63 | H51: 7.77 | I51: 10.76 | J51: 3.73 | K51: 7 | L51: =+SUM(F51:K51) -> 57.27 | M51: Penilaian prasarana fisik 2021 dan non prasarana fisik 2021
A52: 10 | B52: D.I. Pesantren | C52: 69 | D52: Kab./Kota Kediri | E52: 35000202 | F52: 23.57 | G52: 13.47 | H52: 7.59 | I52: 11.34 | J52: 3.8 | K52: 7.45 | L52: =+SUM(F52:K52) -> 67.22 | M52: Penilaian prasarana fisik 2021 dan non prasarana fisik 2021
A53: 11 | B53: D.I. Betis/Ngreco | C53: 38 | D53: Kab./Kota Kediri | E53: 35000203 | F53: 24.48 | G53: 13.36 | H53: 7.54 | I53: 11.4 | J53: 3.88 | K53: 7.6 | L53: =+SUM(F53:K53) -> 68.26 | M53: Penilaian prasarana fisik 2021 dan non prasarana fisik 2021
A54: 12 | B54: D.I. Ketandan | C54: 1637 | D54: Kabupaten Kediri | E54: 35000096 | F54: 32 | G54: 12.5 | H54: 7.29 | I54: 11.49 | J54: 4.03 | K54: 7.68 | L54: =+SUM(F54:K54) -> 74.99 | M54: Penilaian prasarana fisik 2021 dan non prasarana fisik 2021
... A60: 19 | B60: D.I. Badas | C60: 445 | D60: Kab. Jombang, Kab. Kediri | E60: 35000193 | F60: 25.55 | G60: 13.22 | H60: 7.81 | I60: 11.64 | J60: 3.8 | K60: 7 | L60: =+SUM(F60:K60) -> 69.02 | M60: Penilaian prasarana fisik 2021 dan non prasarana fisik 2021
A61: III | B61: UPT PSDA WS Brantas (Korwil Surabaya) | L61: =+SUM(F61:K61) -> 0
A62: 1 | B62: D.I. Tawangsari | C62: 62 | D62: Kab. Jombang, Kab. Mojokerto | E62: 35000045 | F62: 21.06 | G62: 12.8 | H62: 7.65 | I62: 11.4 | J62: 3.88 | K62: 7.68 | L62: =+SUM(F62:K62) -> 64.47 | M62: Penilaian prasarana fisik 2021 dan non prasarana fisik 2021
A63: 2 | B63: D.I. Kejagan | C63: 288 | D63: Kab. Jombang, Kab. Mojokerto | E63: 35000046 | F63: 21.67 | G63: 11.75 | H63: 7.71 | I63: 11.64 | J63: 3.95 | K63: 7.24 | L63: =+SUM(F63:K63) -> 63.96 | M63: Penilaian prasarana fisik 2021 dan non prasarana fisik 2021
A64: 3 | B64: D.I. Kaweden | C64: 69 | D64: Kab. Jombang, Kab. Mojokerto | E64: 35000047 | F64: 21.16 | G64: 13.72 | H64: 7.48 | I64: 11.22 | J64: 3.8 | K64: 7.23 | L64: =+SUM(F64:K64) -> 64.61 | M64: Penilaian prasarana fisik 2021 dan non prasarana fisik 2021
A65: 4 | B65: D.I. Mernung | C65: 661 | D65: Kab. Mojokerto, Kab. Jombang | E65: 35000048 | F65: 26.4 | G65: 10.27 | H65: 7.75 | I65: 11.27 | J65: 3.73 | K65: 7.53 | L65: =+SUM(F65:K65) -> 66.95 | M65: Penilaian prasarana fisik 2021 dan non prasarana fisik 2021
A66: 5 | B66: D.I. Subantoro | C66: 515 | D66: Kab./Kota Mojokerto | E66: 35000049 | F66: 25.04 | G66: 11.81 | H66: 4.34 | I66: 7.54 | J66: 2.9 | K66: 4.24 | L66: =+SUM(F66:K66) -> 55.87 | M66: Penilaian prasarana fisik 2020 dan non prasarana fisik 2020
A67: 6 | B67: D.I. Sinoman | C67: 293 | D67: Kab./Kota Mojokerto | E67: 35000050 | F67: 29.97 | G67: 12.03 | H67: 4.24 | I67: 6.54 | J67: 3.5 | K67: 4.76 | L67: =+SUM(F67:K67) -> 61.04 | M67: Penilaian prasarana fisik 2020 dan non prasarana fisik 2020
A68: 7 | B68: D.I. Penewon | C68: 971 | D68: Kab./Kota Mojokerto | E68: 35000051 | F68: 24.68 | G68: 11.79 | H68: 3.44 | I68: 6.74 | J68: 2.7 | K68: 3.8 | L68: =+SUM(F68:K68) -> 53.15 | M68: Penilaian prasarana fisik 2020 dan non prasarana fisik 2020
A69: 9 | B69: D.I. Candi Limo | C69: 1911 | D69: Kab./Kota Mojokerto | E69: 35000053 | F69: 22.58 | G69: 11.29 | H69: 4.74 | I69: 8.1 | J69: 3.5 | K69: 4.44 | L69: =+SUM(F69:K69) -> 54.65 | M69: Penilaian prasarana fisik 2020 dan non prasarana fisik 2020
A70: 10 | B70: D.I. Kromong II | C70: 1055 | D70: Kabupaten Mojokerto | E70: 35000112 | F70: 17.74 | G70: 13.38 | H70: 4.8 | I70: 8.92 | J70: 2.98 | K70: 4.36 | L70: =+SUM(F70:K70) -> 52.18 | M70: Penilaian prasarana fisik 2023 dan non prasarana fisik 2023
A71: IV | B71: UPT PSDA WS Bengawan Solo | L71: =+SUM(F71:K71) -> 0
A72: 1 | B72: D.I. Rawa Jabung | C72: 2143 | D72: Kab. Lamongan, Kab. Tuban | E72: 35000073 | F72: 20.46 | G72: 7.39 | H72: 7 | I72: 11.27 | J72: 3.5 | K72: 7.54 | L72: =+SUM(F72:K72) -> 57.16 | M72: Penilaian prasarana fisik 2019 dan non prasarana fisik 2019
A73: 2 | B73: D.I. Kali Corong | C73: 2721 | D73: Kab. Gresik, Kab. Lamongan | E73: 35000074 | F73: 23.24 | G73: 13.42 | H73: 7.6 | I73: 11.57 | J73: 3.95 | K73: 6.8 | L73: =+SUM(F73:K73) -> 66.58 | M73: Penilaian prasarana fisik 2019 dan non prasarana fisik 2019
A74: 3 | B74: D.I. Waduk Sumengko | C74: 1146 | D74: Kab. Gresik, Kab. Lamongan | E74: 35000075 | F74: 23.24 | G74: 13.67 | H74: 7 | I74: 10.5 | J74: 3.5 | K74: 7 | L74: =+SUM(F74:K74) -> 64.91 | M74: Penilaian prasarana fisik 2019 dan non prasarana fisik 2019
A75: 4 | B75: D.I. Wd. Leran | C75: 1144 | D75: Kabupaten Bojonegoro | E75: 35000132 | F75: 21.75 | G75: 11.16 | H75: 7 | I75: 12.66 | J75: 3.8 | K75: 7 | L75: =+SUM(F75:K75) -> 63.37 | M75: Penilaian prasarana fisik 2019 dan non prasarana fisik 2019
A76: 5 | B76: D.I. Pirang | C76: 1347 | D76: Kabupaten Bojonegoro | E76: 35000133 | F76: 26.6 | G76: 11.74 | H76: 7.21 | I76: 12.63 | J76: 3.5 | K76: 7 | L76: =+SUM(F76:K76) -> 68.68 | M76: Penilaian prasarana fisik 2020 dan non prasarana fisik 2019
A77: 6 | B77: D.I. Cawak | C77: 1733 | D77: Kabupaten Bojonegoro | E77: 35000134 | F77: 22.83 | G77: 13.37 | H77: 7.21 | I77: 12.51 | J77: 3.5 | K77: 7 | L77: =+SUM(F77:K77) -> 66.42 | M77: Penilaian prasarana fisik 2019 dan non prasarana fisik 2019
A78: 7 | B78: D.I. Maibit | C78: 1229 | D78: Kabupaten Tuban | E78: 35000135 | F78: 24.5 | G78: 8.98 | H78: 7.21 | I78: 12.63 | J78: 3.5 | K78: 4.43 | L78: =+SUM(F78:K78) -> 61.25 | M78: Penilaian prasarana fisik 2021 dan non prasarana fisik 2021
A79: 8 | B79: D.I. Nglirip | C79: 1292 | D79: Kabupaten Tuban | E79: 35000136 | F79: 27.87 | G79: 13.87 | H79: 5.18 | I79: 11.01 | J79: 0 | K79: 6.11 | L79: =+SUM(F79:K79) -> 64.04 | M79: Penilaian prasarana fisik 2021 dan non prasarana fisik 2021
A80: 9 | B80: D.I. Merak Urak | C80: 1475 | D80: Kabupaten Tuban | E80: 35000137 | F80: 11.3 | G80: 12.23 | H80: 7.21 | I80: 12.63 | J80: 3.5 | K80: 7.76 | L80: =+SUM(F80:K80) -> 54.63 | M80: Penilaian prasarana fisik 2019 dan non prasarana fisik 2019
A81: 10 | B81: D.I. Kening | C81: 2522 | D81: Kabupaten Tuban | E81: 35000195 | F81: 37.57 | G81: 14.44 | H81: 7.21 | I81: 11.78 | J81: 3.5 | K81: 7 | L81: =+SUM(F81:K81) -> 81.5 | M81: Penilaian prasarana fisik 2019 dan non prasarana fisik 2019
A82: 11 | B82: D.I. Wd. Rande | C82: 1044 | D82: Kabupaten Lamongan | E82: 35000139 | F82: 20.72 | G82: 10.77 | H82: 8.5 | I82: 12.31 | J82: 4.25 | K82: 7.4 | L82: =+SUM(F82:K82) -> 63.95 | M82: Penilaian prasarana fisik 2019 dan non prasarana fisik 2019
A83: 12 | B83: D.I. P. Kaligerman | C83: 1120 | D83: Kabupaten Lamongan | E83: 35000140 | F83: 12.44 | G83: 14.29 | H83: 4.21 | I83: 10.474 | J83: 2.18 | K83: 4.4 | L83: =+SUM(F83:K83) -> 47.994 | M83: Penilaian prasarana fisik 2023 dan non prasarana fisik 2023
... A86: 16 | B86: D.I. Rawa Sekaran | C86: 1779 | D86: Kabupaten Lamongan | E86: 35000144 | F86: 14.54 | G86: 9.64 | H86: 7 | I86: 11.31 | J86: 3.5 | K86: 7.23 | L86: =+SUM(F86:K86) -> 53.22 | M86: Penilaian prasarana fisik 2019 dan non prasarana fisik 2019
A87: V | B87: UPT PSDA WS Bengawan Solo (Korwil Madiun) | L87: =+SUM(F87:K87) -> 0
A88: 1 | B88: D.I. Cau | C88: 1232 | D88: Kab./Kota Madiun | E88: 35000055 | F88: 27.63 | G88: 11.6 | H88: 3 | I88: 4.5 | J88: 1.9 | K88: 3 | L88: =+SUM(F88:K88) -> 51.63 | M88: Penilaian prasarana fisik 2020 dan non prasarana fisik 2019
A89: 2 | B89: D.I. Brangkal Bawah | C89: 1155 | D89: Kab./Kota Madiun | E89: 35000056 | F89: 20.7 | G89: 11.44 | H89: 5.2 | I89: 9.8 | J89: 3.58 | K89: 5.56 | L89: =+SUM(F89:K89) -> 56.28 | M89: Penilaian prasarana fisik 2023 dan non prasarana fisik 2023
A90: 3 | B90: D.I. Blodro | C90: 422 | D90: Kab./Kota Madiun | E90: 35000057 | F90: 19.88 | G90: 12.15 | H90: 7.5 | I90: 11.52 | J90: 3.8 | K90: 6.22 | L90: =+SUM(F90:K90) -> 61.07 | M90: Penilaian prasarana fisik 2019 dan non prasarana fisik 2019
A91: 4 | B91: D.I. Piring I | C91: 194 | D91: Kab./Kota Madiun | E91: 35000058 | F91: 17.02 | G91: 10.26 | H91: 5.6 | I91: 9.22 | J91: 3.5 | K91: 5.8 | L91: =+SUM(F91:K91) -> 51.4 | M91: Penilaian prasarana fisik 2021 dan non prasarana fisik 2021
A92: 5 | B92: D.I. Sono | C92: 684 | D92: Kab./Kota Madiun | E92: 35000059 | F92: 22.09 | G92: 12.16 | H92: 5.14 | I92: 7.1 | J92: 3.2 | K92: 6.64 | L92: =+SUM(F92:K92) -> 56.33 | M92: Penilaian prasarana fisik 2022 dan non prasarana fisik 2022
A93: 6 | B93: D.I. Trate | C93: 461 | D93: Kab./Kota Madiun | E93: 35000060 | F93: 29.73 | G93: 10.18 | H93: 7.71 | I93: 10.25 | J93: 3.5 | K93: 7.15 | L93: =+SUM(F93:K93) -> 68.52 | M93: Penilaian prasarana fisik 2019 dan non prasarana fisik 2019
A94: 7 | B94: D.I. Mojopurno | C94: 50 | D94: Kab./Kota Madiun | E94: 35000197 | F94: 12.03 | G94: 9.94 | H94: 6.8 | I94: 11.39 | J94: 3.4 | K94: 4.97 | L94: =+SUM(F94:K94) -> 48.53 | M94: Penilaian prasarana fisik 2019 dan non prasarana fisik 2019
A95: 8 | B95: D.I. Kedungrejo | C95: 1554 | D95: Kab. Madiun, Kab. Ngawi | E95: 35000061 | F95: 27.01 | G95: 10.13 | H95: 7.69 | I95: 11.18 | J95: 3.5 | K95: 8.28 | L95: =+SUM(F95:K95) -> 67.79 | M95: Penilaian prasarana fisik 2019 dan non prasarana fisik 2019
A96: 9 | B96: D.I. Gandongkerik | C96: 745 | D96: Kab. Madiun, Kab. Magetan | E96: 35000062 | F96: 28.63 | G96: 10.16 | H96: 5.34 | I96: 11.53 | J96: 4.1 | K96: 7 | L96: =+SUM(F96:K96) -> 66.76 | M96: Penilaian prasarana fisik 2022 dan non prasarana fisik 2022
A97: 10 | B97: D.I. Margopadang | C97: 230 | D97: Kab. Magetan, Kab. Ponorogo | E97: 35000063 | F97: 26.37 | G97: 13.38 | H97: 4.25 | I97: 12.11 | J97: 4.25 | K97: 7.38 | L97: =+SUM(F97:K97) -> 67.74 | M97: Penilaian prasarana fisik 2022 dan non prasarana fisik 2022
A98: 11 | B98: D.I. Turi | C98: 367 | D98: Kab. Magetan, Kab. Ngawi | E98: 35000064 | F98: 20.94 | G98: 11.4 | H98: 7 | I98: 12.63 | J98: 3.5 | K98: 3 | L98: =+SUM(F98:K98) -> 58.47 | M98: Penilaian prasarana fisik 2019 dan non prasarana fisik 2019
A99: 12 | B99: D.I. Dung Timun | C99: 215 | D99: Kab. Magetan, Kab. Ngawi | E99: 35000065 | F99: 25.35 | G99: 5.77 | H99: 7 | I99: 12.27 | J99: 3.5 | K99: 7 | L99: =+SUM(F99:K99) -> 60.89 | M99: Penilaian prasarana fisik 2019 dan non prasarana fisik 2019
... A124: 39 | B124: D.I. Widodaren | C124: 1372 | D124: Kabupaten Ngawi | E124: 35000131 | F124: 21.51 | G124: 8.18 | H124: 7 | I124: 12.63 | J124: 3.5 | K124: 7 | L124: =+SUM(F124:K124) -> 59.82 | M124: Penilaian prasarana fisik 2019 dan non prasarana fisik 2019
A125: VI | B125: UPT PSDA WS Welang Pekalen | L125: =+SUM(F125:K125) -> 0
A126: 8 | B126: D.I. Grinting | C126: 695 | D126: Kab./Kota Pasuruan | E126: 35000090 | F126: 22.73 | G126: 14.96 | H126: 6.88 | I126: 9.68 | J126: 2.9 | K126: 6.1 | L126: =+SUM(F126:K126) -> 63.25 | M126: Penilaian prasarana fisik 2019 dan non prasarana fisik 2019
A127: 9 | B127: D.I. Licin | C127: 463 | D127: Kab./Kota Pasuruan | E127: 35000091 | F127: 23.63 | G127: 14.96 | H127: 6.88 | I127: 9.68 | J127: 2.9 | K127: 6.1 | L127: =+SUM(F127:K127) -> 64.15 | M127: Penilaian prasarana fisik 2020
A128: 10 | B128: D.I. Plered | C128: 296 | D128: Kab./Kota Pasuruan | E128: 35000092 | F128: 30.77 | G128: 7.71 | H128: 4.33 | I128: 8.84 | J128: 3.93 | K128: 3.2 | L128: =+SUM(F128:K128) -> 58.78 | M128: Penilaian prasarana fisik 2019 dan non prasarana fisik 2019
A129: 11 | B129: D.I. Tanggulangin | C129: 2581 | D129: Kab./Kota Pasuruan | E129: 35000093 | F129: 35.97 | G129: 11.45 | H129: 4 | I129: 7.54 | J129: 2.7 | K129: 4.36 | L129: =+SUM(F129:K129) -> 66.02 | M129: Penilaian prasarana fisik 2021 dan non prasarana fisik 2021
A130: 13 | B130: D.I. Ramah Bawah | C130: 1126 | D130: Kabupaten Probolinggo | E130: 35000171 | F130: 23.01 | G130: 13.71 | H130: 5.08 | I130: 10.6 | J130: 3.18 | K130: 5.31 | L130: =+SUM(F130:K130) -> 60.89 | M130: Penilaian prasarana fisik 2023 dan non prasarana fisik 2023
A131: 15 | B131: D.I. Arah Makam Bawah | C131: 1523 | D131: Kabupaten Probolinggo | E131: 35000173 | F131: 31.88 | G131: 9.61 | H131: 5.58 | I131: 9.95 | J131: 3.8 | K131: 6.41 | L131: =+SUM(F131:K131) -> 67.23 | M131: Penilaian prasarana fisik 2022 dan non prasarana fisik 2019
A132: 16 | B132: D.I. Jeruk Taman | C132: 1744 | D132: Kabupaten Probolinggo | E132: 35000174 | F132: 25.02 | G132: 11.87 | H132: 4.54 | I132: 7.66 | J132: 2.3 | K132: 5.16 | L132: =+SUM(F132:K132) -> 56.55 | M132: Penilaian prasarana fisik 2022 dan non prasarana fisik 2022
A133: 17 | B133: D.I. Sbr. Bendo Jeruk | C133: 1909 | D133: Kabupaten Probolinggo | E133: 35000175 | F133: 28.37 | G133: 11.03 | H133: 4.36 | I133: 8.58 | J133: 3.1 | K133: 4.04 | L133: =+SUM(F133:K133) -> 59.48 | M133: Penilaian prasarana fisik 2022 dan non prasarana fisik 2020
A134: 18 | B134: D.I. Klosod | C134: 1008 | D134: Kabupaten Pasuruan | E134: 35000176 | F134: 18.85 | G134: 11.9 | H134: 4.6 | I134: 7.54 | J134: 3.18 | K134: 5 | L134: =+SUM(F134:K134) -> 51.07 | M134: Penilaian prasarana fisik 2022 dan non prasarana fisik 2022
A135: 21 | B135: D.I. Selowongko | C135: 1090 | D135: Kabupaten Pasuruan | E135: 35000179 | F135: 23.44 | G135: 12.51 | H135: 3.94 | I135: 7.3 | J135: 3.18 | K135: 5 | L135: =+SUM(F135:K135) -> 55.37 | M135: Penilaian prasarana fisik 2022 dan non prasarana fisik 2022
A136: 23 | B136: D.I. Pateguan | C136: 1449 | D136: Kabupaten Pasuruan | E136: 35000181 | F136: 37.79 | G136: 12.75 | H136: 4.8 | I136: 8.1 | J136: 3.5 | K136: 5.8 | L136: =+SUM(F136:K136) -> 72.74 | M136: Penilaian prasarana fisik 2021 dan non prasarana fisik 2021
A137: 24 | B137: D.I. Baong | C137: 1843 | D137: Kabupaten Pasuruan | E137: 35000182 | F137: 27.72 | G137: 12.03 | H137: 4.6 | I137: 8.18 | J137: 3.5 | K137: 5.64 | L137: =+SUM(F137:K137) -> 61.67 | M137: Penilaian prasarana fisik 2022 dan non prasarana fisik 2020
A138: 25 | B138: D.I. Domas | C138: 1057 | D138: Kabupaten Pasuruan | E138: 35000183 | F138: 31.79 | G138: 13.64 | H138: 6.48 | I138: 8.53 | J138: 4.25 | K138: 7.9 | L138: =+SUM(F138:K138) -> 72.59 | M138: Penilaian prasarana fisik 2022 dan non prasarana fisik 2022
A139: VII | B139: UPT PSDA WS Bondoyudo Baru | L139: =+SUM(F139:K139) -> 0
A140: 1 | B140: D.I. Sumber Nangka | C140: 1393 | D140: Kabupaten Jember | E140: 35000156 | F140: 38.12 | G140: 14.2 | H140: 8.15 | I140: 11.51 | J140: 3.88 | K140: 7.23 | L140: =+SUM(F140:K140) -> 83.09 | M140: Penilaian prasarana fisik 2020 dan non prasarana fisik 2021
A141: 2 | B141: D.I. Kembar | C141: 1447 | D141: Kabupaten Jember | E141: 35000157 | F141: 28.1 | G141: 11.53 | H141: 7.56 | I141: 11.25 | J141: 3.73 | K141: 7.53 | L141: =+SUM(F141:K141) -> 69.7 | M141: Penilaian prasarana fisik 2021 dan non prasarana fisik 2021
A142: 3 | B142: D.I. Grogol | C142: 1239 | D142: Kabupaten Jember | E142: 35000158 | F142: 24.92 | G142: 14.53 | H142: 8.03 | I142: 11.9 | J142: 3.88 | K142: 7.06 | L142: =+SUM(F142:K142) -> 70.32 | M142: Penilaian prasarana fisik 2020 dan non prasarana fisik 2021
A143: 4 | B143: D.I. Mrawan | C143: 1244 | D143: Kabupaten Jember | E143: 35000159 | F143: 36.95 | G143: 14.66 | H143: 7.88 | I143: 11.58 | J143: 4.06 | K143: 7.53 | L143: =+SUM(F143:K143) -> 82.66 | M143: Penilaian prasarana fisik 2021 dan non prasarana fisik 2021
A144: 5 | B144: D.I. Kottok | C144: 1879 | D144: Kabupaten Jember | E144: 35000160 | F144: 21.97 | G144: 11.42 | H144: 7 | I144: 10.5 | J144: 3.5 | K144: 3 | L144: =+SUM(F144:K144) -> 57.39 | M144: Penilaian prasarana fisik 2022 dan non prasarana fisik 2022
A145: 6 | B145: D.I. Bago | C145: 2188 | D145: Kabupaten Jember | E145: 35000161 | F145: 30.37 | G145: 13.02 | H145: 7.77 | I145: 11.61 | J145: 3.95 | K145: 7 | L145: =+SUM(F145:K145) -> 73.72 | M145: Penilaian prasarana fisik 2021 dan non prasarana fisik 2021
A146: 7 | B146: D.I. Kertosari | C146: 2056 | D146: Kabupaten Jember | E146: 35000162 | F146: 28.8 | G146: 10.56 | H146: 7.8 | I146: 11.61 | J146: 3.8 | K146: 7 | L146: =+SUM(F146:K146) -> 69.57 | M146: Penilaian prasarana fisik 2021 dan non prasarana fisik 2021
A147: 8 | B147: D.I. Karanglo | C147: 2323 | D147: Kabupaten Jember | E147: 35000163 | F147: 20.18 | G147: 12.05 | H147: 7.56 | I147: 11.37 | J147: 3.65 | K147: 8.05 | L147: =+SUM(F147:K147) -> 62.86 | M147: Penilaian prasarana fisik 2021 dan non prasarana fisik 2021
A148: 9 | B148: D.I. Tekung I | C148: 1920 | D148: Kabupaten Lumajang | E148: 35000165 | F148: 22.26 | G148: 13 | H148: 7.86 | I148: 11.36 | J148: 3.95 | K148: 7 | L148: =+SUM(F148:K148) -> 65.43 | M148: Penilaian prasarana fisik 2023 dan non prasarana fisik 2021
A149: 10 | B149: D.I. Curah Menjangan/Kedungsangku | C149: 1867 | D149: Kabupaten Lumajang | E149: 35000166 | F149: 25.75 | G149: 12.23 | H149: 7.83 | I149: 11.25 | J149: 3.8 | K149: 7 | L149: =+SUM(F149:K149) -> 67.86 | M149: Penilaian prasarana fisik 2022 dan non prasarana fisik 2022
A150: 11 | B150: D.I. Umbul Pringtali | C150: 1262 | D150: Kabupaten Lumajang | E150: 35000167 | F150: 23.34 | G150: 13.36 | H150: 7.88 | I150: 12.03 | J150: 4.03 | K150: 7.62 | L150: =+SUM(F150:K150) -> 68.26 | M150: Penilaian prasarana fisik 2020 dan non prasarana fisik 2020
A151: 12 | B151: D.I. Brug Purwo | C151: 1094 | D151: Kabupaten Lumajang | E151: 35000168 | F151: 19.23 | G151: 10.34 | H151: 7 | I151: 10.5 | J151: 3.5 | K151: 7 | L151: =+SUM(F151:K151) -> 57.57 | M151: Penilaian prasarana fisik 2022 dan non prasarana fisik 2022
A152: 13 | B152: D.I. Jurang Dawir | C152: 1088 | D152: Kabupaten Lumajang | E152: 35000169 | F152: 28.09 | G152: 14.86 | H152: 7.98 | I152: 11.5 | J152: 3.18 | K152: 7.6 | L152: =+SUM(F152:K152) -> 73.21 | M152: Penilaian prasarana fisik 2020 dan non prasarana fisik 2020
A153: VIII | B153: UPT PSDA WS Sampean Setail | L153: =+SUM(F153:K153) -> 0
A154: 1 | B154: D.I. Sbr.Pakem | C154: 1151 | D154: Kab. Bondowoso, Kab. Jember | E154: 35000076 | F154: 21.41 | G154: 13.55 | H154: 3.76 | I154: 9.7 | J154: 3.5 | K154: 5.56 | L154: =+SUM(F154:K154) -> 57.48 | M154: Penilaian prasarana fisik 2023 dan non prasarana fisik 2023
...

Sheet analisa (2)
A1: Daftar User Name Aplikasi EPAKSI Daerah Irigasi Kewenangan Pemerintah Provinsi Jawa Timur
B2: Nama D.I | C2: luas | D2: lokasi | E2: Prasarana Fisik | F2: Produktivitas | G2: Sarana Penujang | H2: Organisasi Personalia | I2: Dokumentasi | J2: P3A/GP3A/IP3A | K2: Jumlah
A3: 1 | B3: D.I. Bakalan | C3: 148 | D3: Kab./Kota Malang | E3: 29.82 | F3: 13.38 | G3: 6 | H3: 6.5 | I3: 3.1 | J3: 3.4 | K3: =+SUM(E3:J3) -> 62.2 | L3: Penilaian prasarana fisik 2022 dan non prasarana fisik 2022
A4: 2 | B4: D.I. Bodo | C4: 156 | D4: Kab./Kota Malang | E4: 29.92 | F4: 13.36 | G4: 6 | H4: 6.5 | I4: 3.1 | J4: 3 | K4: =+SUM(E4:J4) -> 61.88 | L4: Penilaian prasarana fisik 2022 dan non prasarana fisik 2022
A5: 3 | B5: D.I. Kadalpang | C5: 1212 | D5: Kab./Kota Malang | E5: 30.26 | F5: 13.4 | G5: 6 | H5: 6.5 | I5: 2.9 | J5: 3.99 | K5: =+SUM(E5:J5) -> 63.05 | L5: Penilaian prasarana fisik 2022 dan non prasarana fisik 2022
A6: 4 | B6: D.I. Kajar II A | C6: 20 | D6: Kab./Kota Malang | E6: 28.65 | F6: 13.53 | G6: 6 | H6: 6.5 | I6: 3.1 | J6: 3 | K6: =+SUM(E6:J6) -> 60.78 | L6: Penilaian prasarana fisik 2022 dan non prasarana fisik 2022
A7: 5 | B7: D.I. Kali Metro | C7: 527 | D7: Kab./Kota Malang | E7: 19.29 | F7: 12.71 | G7: 4.6 | H7: 10.28 | I7: 2.98 | J7: 4.2 | K7: =+SUM(E7:J7) -> 54.06 | L7: Penilaian prasarana fisik 2023 dan non prasarana fisik 2023
A8: 6 | B8: D.I. Kalilanang | C8: 457 | D8: Kab. Malang, Kota Batu | E8: 23.97 | F8: 13.65 | G8: 3.9 | H8: 8.26 | I8: 3.1 | J8: 6.3 | K8: =+SUM(E8:J8) -> 59.18 | L8: Penilaian prasarana fisik 2022 dan non prasarana fisik 2022
A9: 7 | B9: D.I. Kebalon | C9: 107 | D9: Kab./Kota Malang | E9: 29.45 | F9: 13.38 | G9: 6 | H9: 6.5 | I9: 3.1 | J9: 3 | K9: =+SUM(E9:J9) -> 61.43 | L9: Penilaian prasarana fisik 2022 dan non prasarana fisik 2022
A10: 8 | B10: D.I. Losawi | C10: 39 | D10: Kab./Kota Malang | E10: 28.57 | F10: 14.35 | G10: 4.6 | H10: 7.7 | I10: 3.1 | J10: 3 | K10: =+SUM(E10:J10) -> 61.32 | L10: Penilaian prasarana fisik 2022 dan non prasarana fisik 2022
A11: 9 | B11: D.I. Ngukir | C11: 282 | D11: Kab. Malang, Kota Batu | E11: 28.48 | F11: 13.54 | G11: 3.8 | H11: 9.7 | I11: 2.9 | J11: 3 | K11: =+SUM(E11:J11) -> 61.42 | L11: Penilaian prasarana fisik 2022 dan non prasarana fisik 2022
A12: 10 | B12: D.I. Pakis | C12: 726 | D12: Kab./Kota Malang | E12: 31.96 | F12: 13.27 | G12: 5.9 | H12: 6.5 | I12: 3.1 | J12: 3 | K12: =+SUM(E12:J12) -> 63.73 | L12: Penilaian prasarana fisik 2022 dan non prasarana fisik 2022
A13: 11 | B13: D.I. Peniwen | C13: 63 | D13: Kab./Kota Malang | E13: 27.57 | F13: 13.46 | G13: 6 | H13: 6.5 | I13: 3.1 | J13: 3 | K13: =+SUM(E13:J13) -> 59.63 | L13: Penilaian prasarana fisik 2022 dan non prasarana fisik 2022
A14: 12 | B14: D.I. Podokaton | C14: 70 | D14: Kab./Kota Malang | E14: 28.39 | F14: 15 | G14: 5 | H14: 7.14 | I14: 3.1 | J14: 3 | K14: =+SUM(E14:J14) -> 61.63 | L14: Penilaian prasarana fisik 2022 dan non prasarana fisik 2022
... A160: 158 | B160: D.I. Jepun | C160: 1424 | D160: Kabupaten Sumenep | E160: 23.77 | F160: 12.38 | G160: 4.4 | H160: 7.46 | I160: 3.73 | J160: 5.8 | K160: =+SUM(E160:J160) -> 57.54 | L160: Penilaian prasarana fisik 2022 dan non prasarana fisik 2022
C161: =SUM(C3:C160) -> 149988
E162: =+AVERAGE(E3:E160) -> 24.824873 | F162: =+AVERAGE(F3:F160) -> 12.310696 | G162: =+AVERAGE(G3:G160) -> 6.2031013 | H162: =+AVERAGE(H3:H160) -> 10.049203 | I162: =+AVERAGE(I3:I160) -> 3.4903797 | J162: =+AVERAGE(J3:J160) -> 5.953481 | K162: =+AVERAGE(K3:K160) -> 62.831734

Sheet prioritas
B2: Prasarana Fisik | C2: Prasarana Fisik | D2: KERUSAKAN | E2: IKSI | F2: penanganan | G2: luas | O2: Rekomendasi | P2: Jumlah D.I | Q2: Jumlah D.I | T2: Rekomendasi | U2: Luas D.I | V2: Luas D.I
B3: 29.82 | C3: =+B3/45*100 -> 66.266667 | D3: =100-C3 -> 33.733333 | E3: 62.2 | F3: berkala | G3: 148 | H3: =IF(AND($B3<27,$E3<55),"Rehab J.I",IF(AND($B3<=36,$E3<=69),"Perbaikan",IF(AND($B3<=40.5,$E3>=55),"Perawatan","Rutin"))) -> Perbaikan | L3: berkala | M3: 148 | O3: Rehabilitasi | P3: =+Q3/$Q$6 -> 0.62025316 | Q3: 98 | T3: Rehabilitasi | U3: =+V3/$V$6 -> 0.59897458 | V3: =+SUM(M63:M160) -> 89839
B4: 29.92 | C4: =+B4/45*100 -> 66.488889 | D4: =100-C4 -> 33.511111 | E4: 61.88 | F4: berkala | G4: 156 | H4: =IF(AND($B4<27,$E4<55),"Rehab J.I",IF(AND($B4<=36,$E4<=69),"Perbaikan",IF(AND($B4<=40.5,$E4>=55),"Perawatan","Rutin"))) -> Perbaikan | L4: berkala | M4: 156 | O4: Pemeliharaan Berkala | P4: =+Q4/$Q$6 -> 0.32911392 | Q4: 52 | T4: Pemeliharaan Berkala | U4: =+V4/$V$6 -> 0.29900392 | V4: =+SUM(M3:M54) -> 44847
B5: 30.26 | C5: =+B5/45*100 -> 67.244444 | D5: =100-C5 -> 32.755556 | E5: 63.05 | F5: berkala | G5: 1212 | H5: =IF(AND($B5<27,$E5<55),"Rehab J.I",IF(AND($B5<=36,$E5<=69),"Perbaikan",IF(AND($B5<=40.5,$E5>=55),"Perawatan","Rutin"))) -> Perbaikan | L5: berkala | M5: 1212 | O5: O&P Rutin | P5: =+Q5/$Q$6 -> 0.050632911 | Q5: 8 | T5: O&P Rutin | U5: =+V5/$V$6 -> 0.1020215 | V5: =+SUM(M55:M62) -> 15302
B6: 28.65 | C6: =+B6/45*100 -> 63.666667 | D6: =100-C6 -> 36.333333 | E6: 60.78 | F6: berkala | G6: 20 | H6: =IF(AND($B6<27,$E6<55),"Rehab J.I",IF(AND($B6<=36,$E6<=69),"Perbaikan",IF(AND($B6<=40.5,$E6>=55),"Perawatan","Rutin"))) -> Perbaikan | L6: berkala | M6: 20 | Q6: =SUM(Q3:Q5) -> 158 | V6: =SUM(V3:V5) -> 149988
B7: 19.29 | C7: =+B7/45*100 -> 42.866667 | D7: =100-C7 -> 57.133333 | E7: 54.06 | F7: rehab | G7: 527 | H7: =IF(AND($B7<27,$E7<55),"Rehab J.I",IF(AND($B7<=36,$E7<=69),"Perbaikan",IF(AND($B7<=40.5,$E7>=55),"Perawatan","Rutin"))) -> Rehab J.I | L7: berkala | M7: 107
B8: 23.97 | C8: =+B8/45*100 -> 53.266667 | D8: =100-C8 -> 46.733333 | E8: 59.18 | F8: rehab | G8: 457 | H8: =IF(AND($B8<27,$E8<55),"Rehab J.I",IF(AND($B8<=36,$E8<=69),"Perbaikan",IF(AND($B8<=40.5,$E8>=55),"Perawatan","Rutin"))) -> Perbaikan | L8: berkala | M8: 39
B9: 29.45 | C9: =+B9/45*100 -> 65.444444 | D9: =100-C9 -> 34.555556 | E9: 61.43 | F9: berkala | G9: 107 | H9: =IF(AND($B9<27,$E9<55),"Rehab J.I",IF(AND($B9<=36,$E9<=69),"Perbaikan",IF(AND($B9<=40.5,$E9>=55),"Perawatan","Rutin"))) -> Perbaikan | L9: berkala | M9: 282
B10: 28.57 | C10: =+B10/45*100 -> 63.488889 | D10: =100-C10 -> 36.511111 | E10: 61.32 | F10: berkala | G10: 39 | H10: =IF(AND($B10<27,$E10<55),"Rehab J.I",IF(AND($B10<=36,$E10<=69),"Perbaikan",IF(AND($B10<=40.5,$E10>=55),"Perawatan","Rutin"))) -> Perbaikan | L10: berkala | M10: 726
B11: 28.48 | C11: =+B11/45*100 -> 63.288889 | D11: =100-C11 -> 36.711111 | E11: 61.42 | F11: berkala | G11: 282 | H11: =IF(AND($B11<27,$E11<55),"Rehab J.I",IF(AND($B11<=36,$E11<=69),"Perbaikan",IF(AND($B11<=40.5,$E11>=55),"Perawatan","Rutin"))) -> Perbaikan | L11: berkala | M11: 63
B12: 31.96 | C12: =+B12/45*100 -> 71.022222 | D12: =100-C12 -> 28.977778 | E12: 63.73 | F12: berkala | G12: 726 | H12: =IF(AND($B12<27,$E12<55),"Rehab J.I",IF(AND($B12<=36,$E12<=69),"Perbaikan",IF(AND($B12<=40.5,$E12>=55),"Perawatan","Rutin"))) -> Perbaikan | L12: berkala | M12: 70
B13: 27.57 | C13: =+B13/45*100 -> 61.266667 | D13: =100-C13 -> 38.733333 | E13: 59.63 | F13: berkala | G13: 63 | H13: =IF(AND($B13<27,$E13<55),"Rehab J.I",IF(AND($B13<=36,$E13<=69),"Perbaikan",IF(AND($B13<=40.5,$E13>=55),"Perawatan","Rutin"))) -> Perbaikan | L13: berkala | M13: 193
B14: 28.39 | C14: =+B14/45*100 -> 63.088889 | D14: =100-C14 -> 36.911111 | E14: 61.63 | F14: berkala | G14: 70 | H14: =IF(AND($B14<27,$E14<55),"Rehab J.I",IF(AND($B14<=36,$E14<=69),"Perbaikan",IF(AND($B14<=40.5,$E14>=55),"Perawatan","Rutin"))) -> Perbaikan | L14: berkala | M14: 455
B15: 22.16 | C15: =+B15/45*100 -> 49.244444 | D15: =100-C15 -> 50.755556 | E15: 59.91 | F15: rehab | G15: 53 | H15: =IF(AND($B15<27,$E15<55),"Rehab J.I",IF(AND($B15<=36,$E15<=69),"Perbaikan",IF(AND($B15<=40.5,$E15>=55),"Perawatan","Rutin"))) -> Perbaikan | L15: berkala | M15: 16
B16: 27.55 | C16: =+B16/45*100 -> 61.222222 | D16: =100-C16 -> 38.777778 | E16: 56.85 | F16: berkala | G16: 193 | H16: =IF(AND($B16<27,$E16<55),"Rehab J.I",IF(AND($B16<=36,$E16<=69),"Perbaikan",IF(AND($B16<=40.5,$E16>=55),"Perawatan","Rutin"))) -> Perbaikan | L16: berkala | M16: 46
B17: 27.88 | C17: =+B17/45*100 -> 61.955556 | D17: =100-C17 -> 38.044444 | E17: 53.14 | F17: berkala | G17: 455 | H17: =IF(AND($B17<27,$E17<55),"Rehab J.I",IF(AND($B17<=36,$E17<=69),"Perbaikan",IF(AND($B17<=40.5,$E17>=55),"Perawatan","Rutin"))) -> Perbaikan | L17: berkala | M17: 119
B18: 27.18 | C18: =+B18/45*100 -> 60.4 | D18: =100-C18 -> 39.6 | E18: 59.58 | F18: berkala | G18: 16 | H18: =IF(AND($B18<27,$E18<55),"Rehab J.I",IF(AND($B18<=36,$E18<=69),"Perbaikan",IF(AND($B18<=40.5,$E18>=55),"Perawatan","Rutin"))) -> Perbaikan | L18: berkala | M18: 54
... B160: 23.77 | C160: =+B160/45*100 -> 52.822222 | D160: =100-C160 -> 47.177778 | E160: 57.54 | F160: rehab | G160: 1424 | H160: =IF(AND($B160<27,$E160<55),"Rehab J.I",IF(AND($B160<=36,$E160<=69),"Perbaikan",IF(AND($B160<=40.5,$E160>=55),"Perawatan","Rutin"))) -> Perbaikan | L160: rehab | M160: 1424
G161: =SUM(G3:G160) -> 149988
